-- MySQL dump 10.13  Distrib 8.0.40, for macos14 (arm64)
--
-- Host: 127.0.0.1    Database: shop
-- ------------------------------------------------------
-- Server version	8.0.21

/*!40101 SET @OLD_CHARACTER_SET_CLIENT=@@CHARACTER_SET_CLIENT */;
/*!40101 SET @OLD_CHARACTER_SET_RESULTS=@@CHARACTER_SET_RESULTS */;
/*!40101 SET @OLD_COLLATION_CONNECTION=@@COLLATION_CONNECTION */;
/*!50503 SET NAMES utf8 */;
/*!40103 SET @OLD_TIME_ZONE=@@TIME_ZONE */;
/*!40103 SET TIME_ZONE='+00:00' */;
/*!40014 SET @OLD_UNIQUE_CHECKS=@@UNIQUE_CHECKS, UNIQUE_CHECKS=0 */;
/*!40014 SET @OLD_FOREIGN_KEY_CHECKS=@@FOREIGN_KEY_CHECKS, FOREIGN_KEY_CHECKS=0 */;
/*!40101 SET @OLD_SQL_MODE=@@SQL_MODE, SQL_MODE='NO_AUTO_VALUE_ON_ZERO' */;
/*!40111 SET @OLD_SQL_NOTES=@@SQL_NOTES, SQL_NOTES=0 */;

--
-- Table structure for table `address`
--

DROP TABLE IF EXISTS `address`;
/*!40101 SET @saved_cs_client     = @@character_set_client */;
/*!50503 SET character_set_client = utf8mb4 */;
CREATE TABLE `address` (
  `id` int NOT NULL AUTO_INCREMENT COMMENT '地址ID',
  `user_id` int NOT NULL COMMENT '用户ID',
  `name` varchar(50) COLLATE utf8mb4_unicode_ci NOT NULL COMMENT '收货人姓名',
  `phone` varchar(20) COLLATE utf8mb4_unicode_ci NOT NULL COMMENT '收货人手机号',
  `province` varchar(50) COLLATE utf8mb4_unicode_ci NOT NULL COMMENT '省份',
  `city` varchar(50) COLLATE utf8mb4_unicode_ci NOT NULL COMMENT '城市',
  `district` varchar(50) COLLATE utf8mb4_unicode_ci NOT NULL COMMENT '区/县',
  `detail` varchar(255) COLLATE utf8mb4_unicode_ci NOT NULL COMMENT '详细地址',
  `is_default` tinyint NOT NULL DEFAULT '0' COMMENT '是否默认地址 0-否 1-是',
  `create_time` datetime DEFAULT NULL COMMENT '创建时间',
  `update_time` datetime DEFAULT NULL COMMENT '更新时间',
  PRIMARY KEY (`id`),
  KEY `user_id` (`user_id`),
  CONSTRAINT `address_ibfk_1` FOREIGN KEY (`user_id`) REFERENCES `users` (`id`) ON DELETE CASCADE ON UPDATE CASCADE
) ENGINE=InnoDB AUTO_INCREMENT=7 DEFAULT CHARSET=utf8mb4 COLLATE=utf8mb4_unicode_ci;
/*!40101 SET character_set_client = @saved_cs_client */;

--
-- Dumping data for table `address`
--

LOCK TABLES `address` WRITE;
/*!40000 ALTER TABLE `address` DISABLE KEYS */;
INSERT INTO `address` VALUES (2,7,'xxxx','13603245466','上海市','上海市','黄浦区','weofhwoefhwel',1,'2025-04-24 00:22:55','2025-04-24 00:22:55'),(5,7,'ssdd','13604903456','上海市','上海市','徐汇区','3he3i2u4hki',0,'2025-04-24 11:28:50','2025-04-24 11:28:50'),(6,6,'庄海鑫','13604903605','北京市','北京市','海淀区','多喝点精彩精彩放假',1,'2025-04-24 14:23:37','2025-04-24 14:23:37');
/*!40000 ALTER TABLE `address` ENABLE KEYS */;
UNLOCK TABLES;

--
-- Table structure for table `addresses`
--

DROP TABLE IF EXISTS `addresses`;
/*!40101 SET @saved_cs_client     = @@character_set_client */;
/*!50503 SET character_set_client = utf8mb4 */;
CREATE TABLE `addresses` (
  `id` int NOT NULL AUTO_INCREMENT COMMENT '地址ID',
  `user_id` int NOT NULL COMMENT '用户ID',
  `name` varchar(50) NOT NULL COMMENT '收货人姓名',
  `phone` varchar(20) NOT NULL COMMENT '手机号',
  `province` varchar(50) NOT NULL COMMENT '省份',
  `city` varchar(50) NOT NULL COMMENT '城市',
  `district` varchar(50) NOT NULL COMMENT '区县',
  `detail` varchar(255) NOT NULL COMMENT '详细地址',
  `is_default` tinyint DEFAULT '0' COMMENT '是否默认：0否，1是',
  `create_time` datetime DEFAULT NULL COMMENT '创建时间',
  `update_time` datetime DEFAULT NULL COMMENT '更新时间',
  PRIMARY KEY (`id`),
  KEY `idx_user` (`user_id`),
  CONSTRAINT `addresses_ibfk_1` FOREIGN KEY (`user_id`) REFERENCES `users` (`id`) ON DELETE CASCADE ON UPDATE CASCADE
) ENGINE=InnoDB DEFAULT CHARSET=utf8mb4 COLLATE=utf8mb4_0900_ai_ci COMMENT='收货地址表';
/*!40101 SET character_set_client = @saved_cs_client */;

--
-- Dumping data for table `addresses`
--

LOCK TABLES `addresses` WRITE;
/*!40000 ALTER TABLE `addresses` DISABLE KEYS */;
/*!40000 ALTER TABLE `addresses` ENABLE KEYS */;
UNLOCK TABLES;

--
-- Table structure for table `admins`
--

DROP TABLE IF EXISTS `admins`;
/*!40101 SET @saved_cs_client     = @@character_set_client */;
/*!50503 SET character_set_client = utf8mb4 */;
CREATE TABLE `admins` (
  `id` int NOT NULL AUTO_INCREMENT,
  `username` varchar(50) COLLATE utf8mb4_unicode_ci NOT NULL,
  `password` varchar(255) COLLATE utf8mb4_unicode_ci NOT NULL,
  `real_name` varchar(50) COLLATE utf8mb4_unicode_ci DEFAULT NULL,
  `email` varchar(255) COLLATE utf8mb4_unicode_ci DEFAULT NULL,
  `phone` varchar(20) COLLATE utf8mb4_unicode_ci DEFAULT NULL,
  `avatar` varchar(255) COLLATE utf8mb4_unicode_ci DEFAULT NULL,
  `status` enum('active','inactive','locked') COLLATE utf8mb4_unicode_ci DEFAULT 'active',
  `role` enum('admin','editor','viewer') COLLATE utf8mb4_unicode_ci DEFAULT 'admin',
  `last_login_ip` varchar(255) COLLATE utf8mb4_unicode_ci DEFAULT NULL,
  `last_login_time` datetime DEFAULT NULL,
  `created_at` datetime DEFAULT NULL,
  `updated_at` datetime DEFAULT NULL,
  PRIMARY KEY (`id`),
  UNIQUE KEY `username` (`username`),
  UNIQUE KEY `username_2` (`username`),
  UNIQUE KEY `username_3` (`username`),
  UNIQUE KEY `username_4` (`username`),
  UNIQUE KEY `username_5` (`username`),
  UNIQUE KEY `username_6` (`username`),
  UNIQUE KEY `username_7` (`username`),
  UNIQUE KEY `username_8` (`username`),
  UNIQUE KEY `username_9` (`username`),
  UNIQUE KEY `username_10` (`username`),
  UNIQUE KEY `username_11` (`username`),
  UNIQUE KEY `username_12` (`username`),
  UNIQUE KEY `username_13` (`username`),
  UNIQUE KEY `username_14` (`username`),
  UNIQUE KEY `username_15` (`username`),
  UNIQUE KEY `username_16` (`username`),
  UNIQUE KEY `username_17` (`username`),
  UNIQUE KEY `username_18` (`username`),
  UNIQUE KEY `username_19` (`username`),
  UNIQUE KEY `username_20` (`username`),
  UNIQUE KEY `username_21` (`username`),
  UNIQUE KEY `username_22` (`username`),
  UNIQUE KEY `username_23` (`username`),
  UNIQUE KEY `username_24` (`username`),
  UNIQUE KEY `username_25` (`username`),
  UNIQUE KEY `username_26` (`username`),
  UNIQUE KEY `username_27` (`username`),
  UNIQUE KEY `username_28` (`username`),
  UNIQUE KEY `username_29` (`username`),
  UNIQUE KEY `username_30` (`username`),
  UNIQUE KEY `username_31` (`username`),
  UNIQUE KEY `username_32` (`username`),
  UNIQUE KEY `username_33` (`username`),
  UNIQUE KEY `username_34` (`username`),
  UNIQUE KEY `username_35` (`username`),
  UNIQUE KEY `username_36` (`username`),
  UNIQUE KEY `username_37` (`username`),
  UNIQUE KEY `username_38` (`username`),
  UNIQUE KEY `username_39` (`username`),
  UNIQUE KEY `username_40` (`username`),
  UNIQUE KEY `username_41` (`username`),
  UNIQUE KEY `username_42` (`username`),
  UNIQUE KEY `username_43` (`username`),
  UNIQUE KEY `username_44` (`username`),
  UNIQUE KEY `username_45` (`username`),
  UNIQUE KEY `username_46` (`username`),
  UNIQUE KEY `username_47` (`username`),
  UNIQUE KEY `username_48` (`username`),
  UNIQUE KEY `username_49` (`username`),
  UNIQUE KEY `username_50` (`username`),
  UNIQUE KEY `username_51` (`username`),
  UNIQUE KEY `username_52` (`username`),
  UNIQUE KEY `username_53` (`username`),
  UNIQUE KEY `username_54` (`username`),
  UNIQUE KEY `username_55` (`username`),
  UNIQUE KEY `username_56` (`username`),
  UNIQUE KEY `username_57` (`username`),
  UNIQUE KEY `username_58` (`username`),
  UNIQUE KEY `username_59` (`username`),
  UNIQUE KEY `username_60` (`username`),
  UNIQUE KEY `username_61` (`username`),
  UNIQUE KEY `username_62` (`username`),
  UNIQUE KEY `username_63` (`username`)
) ENGINE=InnoDB AUTO_INCREMENT=2 DEFAULT CHARSET=utf8mb4 COLLATE=utf8mb4_unicode_ci;
/*!40101 SET character_set_client = @saved_cs_client */;

--
-- Dumping data for table `admins`
--

LOCK TABLES `admins` WRITE;
/*!40000 ALTER TABLE `admins` DISABLE KEYS */;
INSERT INTO `admins` VALUES (1,'dev_admin','$2a$10$i/QOfxe5cJ.Fa1qmpaI1e.mm9.ExHvt/sQclUdRQAW8za54.fJtdy','开发环境管理员','dev@example.com',NULL,NULL,'active','admin','::1','2025-04-22 17:46:41','2025-04-18 13:39:20','2025-04-22 17:46:41');
/*!40000 ALTER TABLE `admins` ENABLE KEYS */;
UNLOCK TABLES;

--
-- Table structure for table `banners`
--

DROP TABLE IF EXISTS `banners`;
/*!40101 SET @saved_cs_client     = @@character_set_client */;
/*!50503 SET character_set_client = utf8mb4 */;
CREATE TABLE `banners` (
  `id` int NOT NULL AUTO_INCREMENT COMMENT '轮播图ID',
  `image` varchar(255) NOT NULL COMMENT '图片地址',
  `url` varchar(255) DEFAULT NULL COMMENT '跳转链接',
  `sort` int NOT NULL DEFAULT '0' COMMENT '排序值，值越小越靠前',
  `status` int NOT NULL DEFAULT '1' COMMENT '状态：0禁用，1启用',
  `create_time` datetime NOT NULL,
  `update_time` datetime NOT NULL,
  `title` varchar(100) NOT NULL COMMENT '轮播图标题',
  PRIMARY KEY (`id`)
) ENGINE=InnoDB AUTO_INCREMENT=7 DEFAULT CHARSET=utf8mb4 COLLATE=utf8mb4_0900_ai_ci COMMENT='轮播图表';
/*!40101 SET character_set_client = @saved_cs_client */;

--
-- Dumping data for table `banners`
--

LOCK TABLES `banners` WRITE;
/*!40000 ALTER TABLE `banners` DISABLE KEYS */;
INSERT INTO `banners` VALUES (1,'http://localhost:8080/uploads/banners/banner1.svg','/pages/products?category=new',1,1,'2025-04-24 16:42:45','2025-04-24 16:42:45','新品上市'),(2,'http://localhost:8080/uploads/banners/banner2.svg','/pages/products?type=discount',2,1,'2025-04-24 16:42:45','2025-04-24 16:42:45','限时折扣'),(3,'http://localhost:8080/uploads/banners/banner3.svg','/pages/products?type=hot',3,1,'2025-04-24 16:42:45','2025-04-24 16:42:45','热门推荐'),(4,'http://localhost:8080/uploads/banners/banner4.svg','/pages/products?season=summer',4,0,'2025-04-24 16:42:45','2025-04-24 16:42:45','夏季专享'),(5,'http://localhost:8080/uploads/banners/banner5.svg','/pages/products?type=brand',5,0,'2025-04-24 16:42:45','2025-04-24 16:42:45','品牌特卖'),(6,'http://192.168.0.131:8080/uploads/1745484292833-e194ff69-62e2-4c91-b6a0-2038f57b75c5.png','http://g.hiphotos.baidu.com/image/pic/item/0d338744ebf81a4c87a3add4d52a6059252da61e.jpg',1,1,'2025-04-24 16:44:58','2025-04-24 16:44:58','223');
/*!40000 ALTER TABLE `banners` ENABLE KEYS */;
UNLOCK TABLES;

--
-- Table structure for table `cart`
--

DROP TABLE IF EXISTS `cart`;
/*!40101 SET @saved_cs_client     = @@character_set_client */;
/*!50503 SET character_set_client = utf8mb4 */;
CREATE TABLE `cart` (
  `id` int unsigned NOT NULL AUTO_INCREMENT,
  `user_id` int unsigned NOT NULL COMMENT '用户ID',
  `goods_id` int unsigned NOT NULL COMMENT '商品ID',
  `count` int unsigned NOT NULL DEFAULT '1' COMMENT '商品数量',
  `selected` tinyint(1) NOT NULL DEFAULT '1' COMMENT '是否选中',
  `add_time` bigint NOT NULL COMMENT '添加时间',
  `update_time` bigint NOT NULL COMMENT '更新时间',
  `is_delete` tinyint(1) NOT NULL DEFAULT '0' COMMENT '是否删除',
  PRIMARY KEY (`id`),
  KEY `idx_user_id` (`user_id`),
  KEY `idx_goods_id` (`goods_id`),
  KEY `idx_user_goods` (`user_id`,`goods_id`)
) ENGINE=InnoDB AUTO_INCREMENT=53 DEFAULT CHARSET=utf8mb4 COLLATE=utf8mb4_0900_ai_ci COMMENT='购物车表';
/*!40101 SET character_set_client = @saved_cs_client */;

--
-- Dumping data for table `cart`
--

LOCK TABLES `cart` WRITE;
/*!40000 ALTER TABLE `cart` DISABLE KEYS */;
INSERT INTO `cart` VALUES (42,6,151,6,0,1745476415,1745486501,0),(52,6,408,1,0,1745486496,1745486502,0);
/*!40000 ALTER TABLE `cart` ENABLE KEYS */;
UNLOCK TABLES;

--
-- Table structure for table `carts`
--

DROP TABLE IF EXISTS `carts`;
/*!40101 SET @saved_cs_client     = @@character_set_client */;
/*!50503 SET character_set_client = utf8mb4 */;
CREATE TABLE `carts` (
  `id` int NOT NULL AUTO_INCREMENT COMMENT '购物车ID',
  `user_id` int NOT NULL COMMENT '用户ID',
  `goods_id` int NOT NULL COMMENT '商品ID',
  `quantity` int NOT NULL DEFAULT '1' COMMENT '商品数量',
  `selected` tinyint(1) DEFAULT '1' COMMENT '是否选中：0否，1是',
  `create_time` datetime DEFAULT CURRENT_TIMESTAMP COMMENT '创建时间',
  `update_time` datetime DEFAULT CURRENT_TIMESTAMP ON UPDATE CURRENT_TIMESTAMP COMMENT '更新时间',
  PRIMARY KEY (`id`),
  UNIQUE KEY `idx_user_goods` (`user_id`,`goods_id`),
  KEY `idx_goods` (`goods_id`)
) ENGINE=InnoDB DEFAULT CHARSET=utf8mb4 COLLATE=utf8mb4_0900_ai_ci COMMENT='购物车表';
/*!40101 SET character_set_client = @saved_cs_client */;

--
-- Dumping data for table `carts`
--

LOCK TABLES `carts` WRITE;
/*!40000 ALTER TABLE `carts` DISABLE KEYS */;
/*!40000 ALTER TABLE `carts` ENABLE KEYS */;
UNLOCK TABLES;

--
-- Table structure for table `categories`
--

DROP TABLE IF EXISTS `categories`;
/*!40101 SET @saved_cs_client     = @@character_set_client */;
/*!50503 SET character_set_client = utf8mb4 */;
CREATE TABLE `categories` (
  `id` int NOT NULL AUTO_INCREMENT COMMENT '分类ID',
  `parent_id` int NOT NULL DEFAULT '0' COMMENT '父分类ID',
  `name` varchar(50) COLLATE utf8mb4_unicode_ci NOT NULL COMMENT '分类名称',
  `icon` varchar(255) COLLATE utf8mb4_unicode_ci DEFAULT NULL COMMENT '分类图标',
  `sort` int NOT NULL DEFAULT '0' COMMENT '排序',
  `status` int NOT NULL DEFAULT '1' COMMENT '状态：0禁用，1正常',
  `created_at` datetime NOT NULL,
  `update_time` datetime NOT NULL,
  `level` int NOT NULL DEFAULT '1' COMMENT '分类层级：1一级，2二级，3三级',
  PRIMARY KEY (`id`)
) ENGINE=InnoDB AUTO_INCREMENT=19 DEFAULT CHARSET=utf8mb4 COLLATE=utf8mb4_unicode_ci COMMENT='商品分类表';
/*!40101 SET character_set_client = @saved_cs_client */;

--
-- Dumping data for table `categories`
--

LOCK TABLES `categories` WRITE;
/*!40000 ALTER TABLE `categories` DISABLE KEYS */;
INSERT INTO `categories` VALUES (1,0,'服装','clothes.png',1,1,'2025-04-18 13:41:14','2025-04-18 13:41:14',1),(2,0,'电子产品','electronics.png',2,1,'2025-04-18 13:41:14','2025-04-18 13:41:14',1),(3,0,'家居','home.png',3,1,'2025-04-18 13:41:14','2025-04-18 13:41:14',1),(4,0,'食品','food.png',4,1,'2025-04-18 13:41:14','2025-04-18 13:41:14',1),(5,0,'美妆','beauty.png',5,1,'2025-04-18 13:41:14','2025-04-18 13:41:14',1),(6,1,'男装','men.png',1,1,'2025-04-18 13:41:14','2025-04-18 13:41:14',1),(7,1,'女装','women.png',2,1,'2025-04-18 13:41:14','2025-04-18 13:41:14',1),(8,1,'童装','kids.png',3,1,'2025-04-18 13:41:14','2025-04-18 13:41:14',1),(9,2,'手机','phone.png',1,1,'2025-04-18 13:41:14','2025-04-18 13:41:14',1),(10,2,'电脑','computer.png',2,1,'2025-04-18 13:41:14','2025-04-18 13:41:14',1),(11,2,'智能设备','smart.png',3,1,'2025-04-18 13:41:14','2025-04-18 13:41:14',1),(12,3,'家具','furniture.png',1,1,'2025-04-18 13:41:14','2025-04-18 13:41:14',1),(13,3,'厨具','kitchen.png',2,1,'2025-04-18 13:41:14','2025-04-18 13:41:14',1),(14,4,'零食','snack.png',1,1,'2025-04-18 13:41:14','2025-04-18 13:41:14',1),(15,4,'饮料','drink.png',2,1,'2025-04-18 13:41:14','2025-04-18 13:41:14',1),(16,5,'护肤','skincare.png',1,1,'2025-04-18 13:41:14','2025-04-18 13:41:14',1),(17,5,'彩妆','makeup.png',2,1,'2025-04-18 13:41:14','2025-04-18 13:41:14',1),(18,6,'衬衫',NULL,0,1,'2025-04-18 13:52:37','2025-04-18 13:52:37',1);
/*!40000 ALTER TABLE `categories` ENABLE KEYS */;
UNLOCK TABLES;

--
-- Table structure for table `goods`
--

DROP TABLE IF EXISTS `goods`;
/*!40101 SET @saved_cs_client     = @@character_set_client */;
/*!50503 SET character_set_client = utf8mb4 */;
CREATE TABLE `goods` (
  `id` int NOT NULL AUTO_INCREMENT COMMENT '商品ID',
  `category_id` int NOT NULL COMMENT '分类ID',
  `name` varchar(100) COLLATE utf8mb4_unicode_ci NOT NULL COMMENT '商品名称',
  `price` decimal(10,2) NOT NULL COMMENT '商品价格',
  `original_price` decimal(10,2) DEFAULT NULL COMMENT '原价',
  `stock` int NOT NULL DEFAULT '0' COMMENT '库存',
  `sales` int NOT NULL DEFAULT '0' COMMENT '销量',
  `main_image` varchar(255) COLLATE utf8mb4_unicode_ci DEFAULT NULL COMMENT '主图URL',
  `images` text COLLATE utf8mb4_unicode_ci COMMENT '商品图片，多个图片用逗号分隔',
  `description` text COLLATE utf8mb4_unicode_ci COMMENT '商品描述',
  `detail` text COLLATE utf8mb4_unicode_ci COMMENT '商品详情',
  `status` int NOT NULL DEFAULT '1' COMMENT '状态：0下架，1上架',
  `created_at` datetime NOT NULL,
  `update_time` datetime NOT NULL,
  `cover_image` varchar(255) COLLATE utf8mb4_unicode_ci DEFAULT NULL COMMENT '封面图URL',
  `is_recommend` int NOT NULL DEFAULT '0' COMMENT '是否推荐：0不推荐，1推荐',
  `sale_count` int NOT NULL DEFAULT '0' COMMENT '销售数量',
  PRIMARY KEY (`id`),
  KEY `category_id` (`category_id`),
  CONSTRAINT `goods_ibfk_1` FOREIGN KEY (`category_id`) REFERENCES `categories` (`id`) ON DELETE CASCADE ON UPDATE CASCADE
) ENGINE=InnoDB AUTO_INCREMENT=766 DEFAULT CHARSET=utf8mb4 COLLATE=utf8mb4_unicode_ci COMMENT='商品表';
/*!40101 SET character_set_client = @saved_cs_client */;

--
-- Dumping data for table `goods`
--

LOCK TABLES `goods` WRITE;
/*!40000 ALTER TABLE `goods` DISABLE KEYS */;
INSERT INTO `goods` VALUES (1,6,'11',0.20,0.20,2,0,'http://localhost:8080/uploads/1744956816239-c1ed06d7-f5e0-4aa5-986b-5aa96c381d93.jpeg','http://localhost:8080/uploads/1744956828280-7033e800-07e3-460d-b569-482e03b51f6a.jpg','11','112333',1,'2025-04-18 14:15:19','2025-04-21 15:33:49','https://picsum.photos/id/21/800/800',0,0),(3,6,'22',0.30,0.70,0,0,'http://localhost:8080/uploads/1745247862930-7d0cd6c4-bde1-4f22-bad4-b4dc00eef49d.png','http://localhost:8080/uploads/1745247862930-7d0cd6c4-bde1-4f22-bad4-b4dc00eef49d.png','22','<ul><li>12111</li><li><span style=\"background-color: rgb(231, 95, 51);\">334</span></li></ul><p><img src=\"http://localhost:8080/uploads/1745247914396-65c041f3-9ae1-482f-9094-dd9005d51bf6.png\" alt=\"\" data-href=\"\" style=\"\"/></p><p><br></p>',1,'2025-04-21 23:05:18','2025-04-22 13:08:41','https://picsum.photos/id/23/800/800',1,0),(4,14,'新款电脑111',941.79,416.32,2,56,'http://localhost:8080/uploads/default-product.jpg','http://localhost:8080/uploads/default-product.jpg','这是第1号商品的描述','<p>这是第1号商品的详细描述</p>',1,'2025-04-17 13:57:04','2025-04-22 14:47:34','https://picsum.photos/id/24/800/800',0,828),(5,13,'精品童装988',333.57,789.62,82,39,'http://localhost:8080/uploads/default-product.jpg','http://localhost:8080/uploads/default-product.jpg','这是第2号商品的描述','<p>这是第2号商品的详细描述</p>',1,'2025-04-01 13:57:04','2025-04-22 14:48:08','https://picsum.photos/id/25/800/800',0,435),(6,6,'热销童装536',315.37,1162.59,87,164,'http://localhost:8080/uploads/default-product.jpg','http://localhost:8080/uploads/default-product.jpg','这是第3号商品的描述','<p>这是第3号商品的详细描述</p>',1,'2025-04-16 13:57:04','2025-04-22 14:47:36','https://picsum.photos/id/26/800/800',0,526),(7,6,'高端童装132',56.67,933.15,74,568,'http://localhost:8080/uploads/default-product.jpg','http://localhost:8080/uploads/default-product.jpg','这是第4号商品的描述','<p>这是第4号商品的详细描述</p>',1,'2025-04-04 13:57:04','2025-04-22 14:47:56','https://picsum.photos/id/27/800/800',0,324),(8,16,'时尚电脑973',405.69,98.58,70,976,'http://localhost:8080/uploads/default-product.jpg','http://localhost:8080/uploads/default-product.jpg','这是第5号商品的描述','<p>这是第5号商品的详细描述</p>',1,'2025-03-31 13:57:04','2025-04-22 14:48:08','https://picsum.photos/id/28/800/800',0,853),(9,6,'高端男装664',735.81,764.36,78,445,'http://localhost:8080/uploads/default-product.jpg','http://localhost:8080/uploads/default-product.jpg','这是第6号商品的描述','<p>这是第6号商品的详细描述</p>',1,'2025-03-27 13:57:04','2025-04-22 14:48:08','https://picsum.photos/id/29/800/800',0,23),(10,12,'高端手机222',980.07,273.77,39,337,'http://localhost:8080/uploads/default-product.jpg','http://localhost:8080/uploads/default-product.jpg','这是第7号商品的描述','<p>这是第7号商品的详细描述</p>',1,'2025-04-08 13:57:04','2025-04-22 14:47:51','https://picsum.photos/id/20/800/800',0,452),(11,16,'高端童装625',741.27,1042.16,88,823,'http://localhost:8080/uploads/default-product.jpg','http://localhost:8080/uploads/default-product.jpg','这是第8号商品的描述','<p>这是第8号商品的详细描述</p>',1,'2025-04-09 13:57:04','2025-04-22 14:47:46','https://picsum.photos/id/21/800/800',0,852),(12,17,'新款女装101',651.84,1168.70,87,161,'http://localhost:8080/uploads/default-product.jpg','http://localhost:8080/uploads/default-product.jpg','这是第9号商品的描述','<p>这是第9号商品的详细描述</p>',1,'2025-04-17 13:57:04','2025-04-22 14:47:33','https://picsum.photos/id/22/800/800',0,433),(13,14,'新款男装139',395.40,635.37,76,415,'http://localhost:8080/uploads/default-product.jpg','http://localhost:8080/uploads/default-product.jpg','这是第10号商品的描述','<p>这是第10号商品的详细描述</p>',1,'2025-03-30 13:57:04','2025-04-22 14:48:08','https://picsum.photos/id/23/800/800',0,665),(14,18,'热销童装227',377.48,226.08,22,898,'http://localhost:8080/uploads/default-product.jpg','http://localhost:8080/uploads/default-product.jpg','这是第11号商品的描述','<p>这是第11号商品的详细描述</p>',1,'2025-03-29 13:57:04','2025-04-22 13:57:04','https://picsum.photos/id/24/800/800',0,327),(15,8,'时尚男装684',368.44,941.51,22,18,'http://localhost:8080/uploads/default-product.jpg','http://localhost:8080/uploads/default-product.jpg','这是第12号商品的描述','<p>这是第12号商品的详细描述</p>',1,'2025-04-10 13:57:04','2025-04-22 13:57:04','https://picsum.photos/id/25/800/800',0,61),(16,6,'热销电脑438',532.91,370.39,26,198,'http://localhost:8080/uploads/default-product.jpg','http://localhost:8080/uploads/default-product.jpg','这是第13号商品的描述','<p>这是第13号商品的详细描述</p>',1,'2025-04-17 13:57:04','2025-04-22 13:57:04','https://picsum.photos/id/26/800/800',0,322),(17,6,'精品童装609',469.60,555.16,88,200,'http://localhost:8080/uploads/default-product.jpg','http://localhost:8080/uploads/default-product.jpg','这是第14号商品的描述','<p>这是第14号商品的详细描述</p>',1,'2025-04-12 13:57:04','2025-04-22 13:57:04','https://picsum.photos/id/27/800/800',0,151),(18,15,'时尚女装181',61.58,851.55,96,576,'http://localhost:8080/uploads/default-product.jpg','http://localhost:8080/uploads/default-product.jpg','这是第15号商品的描述','<p>这是第15号商品的详细描述</p>',1,'2025-03-24 13:57:04','2025-04-22 13:57:04','https://picsum.photos/id/28/800/800',0,145),(19,16,'高端童装702',56.76,165.18,12,125,'http://localhost:8080/uploads/default-product.jpg','http://localhost:8080/uploads/default-product.jpg','这是第16号商品的描述','<p>这是第16号商品的详细描述</p>',1,'2025-04-15 13:57:04','2025-04-22 13:57:04','https://picsum.photos/id/29/800/800',0,862),(20,13,'精品童装185',154.86,218.59,67,40,'http://localhost:8080/uploads/default-product.jpg','http://localhost:8080/uploads/default-product.jpg','这是第17号商品的描述','<p>这是第17号商品的详细描述</p>',1,'2025-04-17 13:57:04','2025-04-22 13:57:04','https://picsum.photos/id/20/800/800',0,811),(21,12,'时尚手机662',33.88,172.29,55,19,'http://localhost:8080/uploads/default-product.jpg','http://localhost:8080/uploads/default-product.jpg','这是第18号商品的描述','<p>这是第18号商品的详细描述</p>',1,'2025-04-10 13:57:04','2025-04-22 13:57:04','https://picsum.photos/id/21/800/800',0,44),(22,18,'新款童装344',314.30,620.90,47,603,'http://localhost:8080/uploads/default-product.jpg','http://localhost:8080/uploads/default-product.jpg','这是第19号商品的描述','<p>这是第19号商品的详细描述</p>',1,'2025-04-05 13:57:04','2025-04-22 13:57:04','https://picsum.photos/id/22/800/800',0,81),(23,14,'时尚童装421',456.56,1208.43,2,328,'http://localhost:8080/uploads/default-product.jpg','http://localhost:8080/uploads/default-product.jpg','这是第20号商品的描述','<p>这是第20号商品的详细描述</p>',1,'2025-04-05 13:57:04','2025-04-22 13:57:04','https://picsum.photos/id/23/800/800',0,851),(24,13,'精品童装518',291.99,1042.61,84,750,'http://localhost:8080/uploads/default-product.jpg','http://localhost:8080/uploads/default-product.jpg','这是第21号商品的描述','<p>这是第21号商品的详细描述</p>',1,'2025-04-16 13:57:04','2025-04-22 13:57:04','https://picsum.photos/id/24/800/800',0,852),(25,13,'高端童装813',777.65,561.86,96,279,'http://localhost:8080/uploads/default-product.jpg','http://localhost:8080/uploads/default-product.jpg','这是第22号商品的描述','<p>这是第22号商品的详细描述</p>',1,'2025-04-08 13:57:04','2025-04-22 13:57:04','https://picsum.photos/id/25/800/800',0,603),(26,13,'热销男装786',537.08,399.37,70,736,'http://localhost:8080/uploads/default-product.jpg','http://localhost:8080/uploads/default-product.jpg','这是第23号商品的描述','<p>这是第23号商品的详细描述</p>',1,'2025-04-05 13:57:04','2025-04-22 13:57:04','https://picsum.photos/id/26/800/800',0,698),(27,15,'新款电脑816',252.14,875.94,36,432,'http://localhost:8080/uploads/default-product.jpg','http://localhost:8080/uploads/default-product.jpg','这是第24号商品的描述','<p>这是第24号商品的详细描述</p>',1,'2025-04-21 13:57:04','2025-04-22 13:57:04','https://picsum.photos/id/27/800/800',0,973),(28,15,'高端电脑552',168.72,174.50,75,53,'http://localhost:8080/uploads/default-product.jpg','http://localhost:8080/uploads/default-product.jpg','这是第25号商品的描述','<p>这是第25号商品的详细描述</p>',1,'2025-04-22 13:57:04','2025-04-22 13:57:04','https://picsum.photos/id/28/800/800',0,886),(29,11,'精品童装870',584.06,367.29,65,171,'http://localhost:8080/uploads/default-product.jpg','http://localhost:8080/uploads/default-product.jpg','这是第26号商品的描述','<p>这是第26号商品的详细描述</p>',1,'2025-03-27 13:57:04','2025-04-22 13:57:04','https://picsum.photos/id/29/800/800',0,919),(30,18,'热销电脑468',781.80,560.07,14,358,'http://localhost:8080/uploads/default-product.jpg','http://localhost:8080/uploads/default-product.jpg','这是第27号商品的描述','<p>这是第27号商品的详细描述</p>',1,'2025-04-12 13:57:04','2025-04-22 13:57:04','https://picsum.photos/id/20/800/800',0,693),(31,11,'热销童装602',566.27,13.05,59,31,'http://localhost:8080/uploads/default-product.jpg','http://localhost:8080/uploads/default-product.jpg','这是第28号商品的描述','<p>这是第28号商品的详细描述</p>',1,'2025-04-12 13:57:04','2025-04-22 13:57:04','https://picsum.photos/id/21/800/800',0,718),(32,12,'精品女装554',778.50,280.67,12,339,'http://localhost:8080/uploads/default-product.jpg','http://localhost:8080/uploads/default-product.jpg','这是第29号商品的描述','<p>这是第29号商品的详细描述</p>',1,'2025-04-12 13:57:04','2025-04-22 13:57:04','https://picsum.photos/id/22/800/800',0,672),(33,10,'新款童装746',977.99,758.02,60,100,'http://localhost:8080/uploads/default-product.jpg','http://localhost:8080/uploads/default-product.jpg','这是第30号商品的描述','<p>这是第30号商品的详细描述</p>',1,'2025-04-02 13:57:04','2025-04-22 13:57:04','https://picsum.photos/id/23/800/800',0,107),(34,12,'时尚男装577',308.82,1006.92,53,760,'http://localhost:8080/uploads/default-product.jpg','http://localhost:8080/uploads/default-product.jpg','这是第31号商品的描述','<p>这是第31号商品的详细描述</p>',1,'2025-04-17 13:57:04','2025-04-22 13:57:04','https://picsum.photos/id/24/800/800',0,700),(35,17,'高端童装591',165.99,29.99,96,999,'http://localhost:8080/uploads/default-product.jpg','http://localhost:8080/uploads/default-product.jpg','这是第32号商品的描述','<p>这是第32号商品的详细描述</p>',1,'2025-04-19 13:57:04','2025-04-22 13:57:04','https://picsum.photos/id/25/800/800',0,585),(36,13,'时尚电脑983',321.96,713.40,1,533,'http://localhost:8080/uploads/default-product.jpg','http://localhost:8080/uploads/default-product.jpg','这是第33号商品的描述','<p>这是第33号商品的详细描述</p>',1,'2025-04-04 13:57:04','2025-04-22 13:57:04','https://picsum.photos/id/26/800/800',0,538),(37,16,'高端手机436',934.33,403.27,91,597,'http://localhost:8080/uploads/default-product.jpg','http://localhost:8080/uploads/default-product.jpg','这是第34号商品的描述','<p>这是第34号商品的详细描述</p>',1,'2025-04-16 13:57:04','2025-04-22 13:57:04','https://picsum.photos/id/27/800/800',0,361),(38,7,'高端男装857',118.13,1177.95,79,347,'http://localhost:8080/uploads/default-product.jpg','http://localhost:8080/uploads/default-product.jpg','这是第35号商品的描述','<p>这是第35号商品的详细描述</p>',1,'2025-04-12 13:57:04','2025-04-22 13:57:04','https://picsum.photos/id/28/800/800',0,703),(39,12,'精品手机161',489.15,1073.63,33,4,'http://localhost:8080/uploads/default-product.jpg','http://localhost:8080/uploads/default-product.jpg','这是第36号商品的描述','<p>这是第36号商品的详细描述</p>',1,'2025-04-22 13:57:04','2025-04-22 13:57:04','https://picsum.photos/id/29/800/800',0,25),(40,7,'高端电脑96',837.39,1146.91,3,332,'http://localhost:8080/uploads/default-product.jpg','http://localhost:8080/uploads/default-product.jpg','这是第37号商品的描述','<p>这是第37号商品的详细描述</p>',1,'2025-04-05 13:57:04','2025-04-22 13:57:04','https://picsum.photos/id/20/800/800',0,868),(41,14,'高端手机693',553.13,824.10,37,872,'http://localhost:8080/uploads/default-product.jpg','http://localhost:8080/uploads/default-product.jpg','这是第38号商品的描述','<p>这是第38号商品的详细描述</p>',1,'2025-04-16 13:57:04','2025-04-22 13:57:04','https://picsum.photos/id/21/800/800',0,510),(42,17,'热销童装425',360.45,589.55,55,558,'http://localhost:8080/uploads/default-product.jpg','http://localhost:8080/uploads/default-product.jpg','这是第39号商品的描述','<p>这是第39号商品的详细描述</p>',1,'2025-04-19 13:57:04','2025-04-22 13:57:04','https://picsum.photos/id/22/800/800',0,946),(43,10,'热销手机478',405.23,691.86,36,13,'http://localhost:8080/uploads/default-product.jpg','http://localhost:8080/uploads/default-product.jpg','这是第40号商品的描述','<p>这是第40号商品的详细描述</p>',1,'2025-03-25 13:57:04','2025-04-22 13:57:04','https://picsum.photos/id/23/800/800',0,763),(44,18,'精品男装558',361.70,128.45,85,984,'http://localhost:8080/uploads/default-product.jpg','http://localhost:8080/uploads/default-product.jpg','这是第41号商品的描述','<p>这是第41号商品的详细描述</p>',1,'2025-04-12 13:57:04','2025-04-22 13:57:04','https://picsum.photos/id/24/800/800',0,838),(45,7,'时尚电脑576',40.32,474.51,85,218,'http://localhost:8080/uploads/default-product.jpg','http://localhost:8080/uploads/default-product.jpg','这是第42号商品的描述','<p>这是第42号商品的详细描述</p>',1,'2025-04-07 13:57:04','2025-04-22 13:57:04','https://picsum.photos/id/25/800/800',0,923),(46,6,'高端手机763',712.83,302.03,5,761,'http://localhost:8080/uploads/default-product.jpg','http://localhost:8080/uploads/default-product.jpg','这是第43号商品的描述','<p>这是第43号商品的详细描述</p>',1,'2025-04-03 13:57:04','2025-04-22 13:57:04','https://picsum.photos/id/26/800/800',0,979),(47,18,'新款电脑649',293.75,594.47,36,153,'http://localhost:8080/uploads/default-product.jpg','http://localhost:8080/uploads/default-product.jpg','这是第44号商品的描述','<p>这是第44号商品的详细描述</p>',1,'2025-04-03 13:57:04','2025-04-22 13:57:04','https://picsum.photos/id/27/800/800',0,824),(48,7,'精品电脑71',399.10,916.64,63,454,'http://localhost:8080/uploads/default-product.jpg','http://localhost:8080/uploads/default-product.jpg','这是第45号商品的描述','<p>这是第45号商品的详细描述</p>',1,'2025-04-12 13:57:04','2025-04-22 13:57:04','https://picsum.photos/id/28/800/800',0,421),(49,6,'热销童装786',402.64,804.24,74,949,'http://localhost:8080/uploads/default-product.jpg','http://localhost:8080/uploads/default-product.jpg','这是第46号商品的描述','<p>这是第46号商品的详细描述</p>',1,'2025-04-07 13:57:04','2025-04-22 13:57:04','https://picsum.photos/id/29/800/800',0,747),(50,8,'新款手机562',714.79,998.69,49,802,'http://localhost:8080/uploads/default-product.jpg','http://localhost:8080/uploads/default-product.jpg','这是第47号商品的描述','<p>这是第47号商品的详细描述</p>',1,'2025-04-07 13:57:04','2025-04-22 13:57:04','https://picsum.photos/id/20/800/800',0,249),(51,14,'高端手机496',665.91,927.89,16,439,'http://localhost:8080/uploads/default-product.jpg','http://localhost:8080/uploads/default-product.jpg','这是第48号商品的描述','<p>这是第48号商品的详细描述</p>',1,'2025-04-01 13:57:04','2025-04-22 13:57:04','https://picsum.photos/id/21/800/800',0,211),(52,18,'时尚童装292',973.00,1088.78,11,547,'http://localhost:8080/uploads/default-product.jpg','http://localhost:8080/uploads/default-product.jpg','这是第49号商品的描述','<p>这是第49号商品的详细描述</p>',1,'2025-04-11 13:57:04','2025-04-22 13:57:04','https://picsum.photos/id/22/800/800',0,265),(53,8,'时尚男装695',468.20,294.22,6,81,'http://localhost:8080/uploads/default-product.jpg','http://localhost:8080/uploads/default-product.jpg','这是第50号商品的描述','<p>这是第50号商品的详细描述</p>',1,'2025-04-16 13:57:04','2025-04-22 13:57:04','https://picsum.photos/id/23/800/800',0,792),(54,10,'精品童装991',189.69,1051.30,82,737,'http://localhost:8080/uploads/default-product.jpg','http://localhost:8080/uploads/default-product.jpg','这是第51号商品的描述','<p>这是第51号商品的详细描述</p>',1,'2025-04-16 13:57:04','2025-04-22 13:57:04','https://picsum.photos/id/24/800/800',0,885),(55,16,'时尚手机640',284.28,560.75,3,711,'http://localhost:8080/uploads/default-product.jpg','http://localhost:8080/uploads/default-product.jpg','这是第52号商品的描述','<p>这是第52号商品的详细描述</p>',1,'2025-04-09 13:57:04','2025-04-22 13:57:04','https://picsum.photos/id/25/800/800',0,165),(56,11,'新款女装589',860.33,590.66,70,351,'http://localhost:8080/uploads/default-product.jpg','http://localhost:8080/uploads/default-product.jpg','这是第53号商品的描述','<p>这是第53号商品的详细描述</p>',1,'2025-04-03 13:57:04','2025-04-22 13:57:04','https://picsum.photos/id/26/800/800',0,158),(57,17,'热销手机869',289.65,913.04,43,671,'http://localhost:8080/uploads/default-product.jpg','http://localhost:8080/uploads/default-product.jpg','这是第54号商品的描述','<p>这是第54号商品的详细描述</p>',1,'2025-04-21 13:57:04','2025-04-22 13:57:04','https://picsum.photos/id/27/800/800',0,230),(58,6,'精品手机409',985.60,849.96,62,471,'http://localhost:8080/uploads/default-product.jpg','http://localhost:8080/uploads/default-product.jpg','这是第55号商品的描述','<p>这是第55号商品的详细描述</p>',1,'2025-04-08 13:57:04','2025-04-22 13:57:04','https://picsum.photos/id/28/800/800',0,59),(59,16,'热销男装411',16.66,1034.92,45,353,'http://localhost:8080/uploads/default-product.jpg','http://localhost:8080/uploads/default-product.jpg','这是第56号商品的描述','<p>这是第56号商品的详细描述</p>',1,'2025-04-10 13:57:04','2025-04-22 13:57:04','https://picsum.photos/id/29/800/800',0,987),(60,15,'高端电脑353',295.75,432.94,11,400,'http://localhost:8080/uploads/default-product.jpg','http://localhost:8080/uploads/default-product.jpg','这是第57号商品的描述','<p>这是第57号商品的详细描述</p>',1,'2025-04-02 13:57:04','2025-04-22 13:57:04','https://picsum.photos/id/20/800/800',0,143),(61,15,'时尚童装898',155.67,61.39,66,37,'http://localhost:8080/uploads/default-product.jpg','http://localhost:8080/uploads/default-product.jpg','这是第58号商品的描述','<p>这是第58号商品的详细描述</p>',1,'2025-04-16 13:57:04','2025-04-22 13:57:04','https://picsum.photos/id/21/800/800',0,910),(62,18,'热销电脑979',986.38,1096.01,7,351,'http://localhost:8080/uploads/default-product.jpg','http://localhost:8080/uploads/default-product.jpg','这是第59号商品的描述','<p>这是第59号商品的详细描述</p>',1,'2025-04-07 13:57:04','2025-04-22 13:57:04','https://picsum.photos/id/22/800/800',0,574),(63,9,'新款电脑217',399.02,376.13,98,772,'http://localhost:8080/uploads/default-product.jpg','http://localhost:8080/uploads/default-product.jpg','这是第60号商品的描述','<p>这是第60号商品的详细描述</p>',1,'2025-03-26 13:57:04','2025-04-22 13:57:04','https://picsum.photos/id/23/800/800',0,215),(64,10,'时尚手机612',259.50,503.51,54,616,'http://localhost:8080/uploads/default-product.jpg','http://localhost:8080/uploads/default-product.jpg','这是第61号商品的描述','<p>这是第61号商品的详细描述</p>',1,'2025-04-09 13:57:04','2025-04-22 13:57:04','https://picsum.photos/id/24/800/800',0,456),(65,17,'时尚电脑74',722.13,473.34,45,107,'http://localhost:8080/uploads/default-product.jpg','http://localhost:8080/uploads/default-product.jpg','这是第62号商品的描述','<p>这是第62号商品的详细描述</p>',1,'2025-04-17 13:57:04','2025-04-22 13:57:04','https://picsum.photos/id/25/800/800',0,617),(66,12,'新款女装923',894.46,879.04,89,71,'http://localhost:8080/uploads/default-product.jpg','http://localhost:8080/uploads/default-product.jpg','这是第63号商品的描述','<p>这是第63号商品的详细描述</p>',1,'2025-04-02 13:57:04','2025-04-22 13:57:04','https://picsum.photos/id/26/800/800',0,208),(67,18,'精品手机237',273.58,720.47,60,151,'http://localhost:8080/uploads/default-product.jpg','http://localhost:8080/uploads/default-product.jpg','这是第64号商品的描述','<p>这是第64号商品的详细描述</p>',1,'2025-03-25 13:57:04','2025-04-22 13:57:04','https://picsum.photos/id/27/800/800',0,246),(68,11,'精品女装852',183.88,365.56,42,894,'http://localhost:8080/uploads/default-product.jpg','http://localhost:8080/uploads/default-product.jpg','这是第65号商品的描述','<p>这是第65号商品的详细描述</p>',1,'2025-04-17 13:57:04','2025-04-22 13:57:04','https://picsum.photos/id/28/800/800',0,293),(69,17,'高端男装530',572.50,312.47,99,323,'http://localhost:8080/uploads/default-product.jpg','http://localhost:8080/uploads/default-product.jpg','这是第66号商品的描述','<p>这是第66号商品的详细描述</p>',1,'2025-04-03 13:57:04','2025-04-22 13:57:04','https://picsum.photos/id/29/800/800',0,208),(70,7,'时尚电脑946',293.71,670.28,75,472,'http://localhost:8080/uploads/default-product.jpg','http://localhost:8080/uploads/default-product.jpg','这是第67号商品的描述','<p>这是第67号商品的详细描述</p>',1,'2025-04-20 13:57:04','2025-04-22 13:57:04','https://picsum.photos/id/20/800/800',0,11),(71,16,'热销童装128',445.26,1015.57,26,107,'http://localhost:8080/uploads/default-product.jpg','http://localhost:8080/uploads/default-product.jpg','这是第68号商品的描述','<p>这是第68号商品的详细描述</p>',1,'2025-03-31 13:57:04','2025-04-22 13:57:04','https://picsum.photos/id/21/800/800',0,387),(72,15,'精品电脑59',750.95,687.59,14,26,'http://localhost:8080/uploads/default-product.jpg','http://localhost:8080/uploads/default-product.jpg','这是第69号商品的描述','<p>这是第69号商品的详细描述</p>',1,'2025-04-02 13:57:04','2025-04-22 13:57:04','https://picsum.photos/id/22/800/800',0,400),(73,17,'精品男装640',735.64,895.73,33,142,'http://localhost:8080/uploads/default-product.jpg','http://localhost:8080/uploads/default-product.jpg','这是第70号商品的描述','<p>这是第70号商品的详细描述</p>',1,'2025-04-01 13:57:04','2025-04-22 13:57:04','https://picsum.photos/id/23/800/800',0,91),(74,10,'高端女装760',141.00,464.88,39,439,'http://localhost:8080/uploads/default-product.jpg','http://localhost:8080/uploads/default-product.jpg','这是第71号商品的描述','<p>这是第71号商品的详细描述</p>',1,'2025-04-22 13:57:04','2025-04-22 13:57:04','https://picsum.photos/id/24/800/800',0,786),(75,17,'热销女装864',217.14,561.69,81,165,'http://localhost:8080/uploads/default-product.jpg','http://localhost:8080/uploads/default-product.jpg','这是第72号商品的描述','<p>这是第72号商品的详细描述</p>',1,'2025-04-11 13:57:04','2025-04-22 13:57:04','https://picsum.photos/id/25/800/800',0,435),(76,6,'新款电脑77',723.10,463.93,30,499,'http://localhost:8080/uploads/default-product.jpg','http://localhost:8080/uploads/default-product.jpg','这是第73号商品的描述','<p>这是第73号商品的详细描述</p>',1,'2025-04-05 13:57:04','2025-04-22 13:57:04','https://picsum.photos/id/26/800/800',0,348),(77,6,'时尚童装156',277.72,1080.06,37,69,'http://localhost:8080/uploads/default-product.jpg','http://localhost:8080/uploads/default-product.jpg','这是第74号商品的描述','<p>这是第74号商品的详细描述</p>',1,'2025-04-16 13:57:04','2025-04-22 13:57:04','https://picsum.photos/id/27/800/800',0,871),(78,15,'热销童装831',589.89,518.64,74,494,'http://localhost:8080/uploads/default-product.jpg','http://localhost:8080/uploads/default-product.jpg','这是第75号商品的描述','<p>这是第75号商品的详细描述</p>',1,'2025-04-15 13:57:04','2025-04-22 13:57:04','https://picsum.photos/id/28/800/800',0,724),(79,17,'精品电脑542',21.96,493.83,34,337,'http://localhost:8080/uploads/default-product.jpg','http://localhost:8080/uploads/default-product.jpg','这是第76号商品的描述','<p>这是第76号商品的详细描述</p>',1,'2025-04-03 13:57:04','2025-04-22 13:57:04','https://picsum.photos/id/29/800/800',0,255),(80,10,'热销男装40',925.29,631.90,17,646,'http://localhost:8080/uploads/default-product.jpg','http://localhost:8080/uploads/default-product.jpg','这是第77号商品的描述','<p>这是第77号商品的详细描述</p>',1,'2025-04-01 13:57:04','2025-04-22 13:57:04','https://picsum.photos/id/20/800/800',0,661),(81,7,'新款女装406',36.39,1097.57,72,141,'http://localhost:8080/uploads/default-product.jpg','http://localhost:8080/uploads/default-product.jpg','这是第78号商品的描述','<p>这是第78号商品的详细描述</p>',1,'2025-04-07 13:57:04','2025-04-22 13:57:04','https://picsum.photos/id/21/800/800',0,240),(82,13,'精品手机588',845.67,575.06,35,523,'http://localhost:8080/uploads/default-product.jpg','http://localhost:8080/uploads/default-product.jpg','这是第79号商品的描述','<p>这是第79号商品的详细描述</p>',1,'2025-04-06 13:57:04','2025-04-22 13:57:04','https://picsum.photos/id/22/800/800',0,255),(83,13,'时尚电脑448',319.44,254.82,10,48,'http://localhost:8080/uploads/default-product.jpg','http://localhost:8080/uploads/default-product.jpg','这是第80号商品的描述','<p>这是第80号商品的详细描述</p>',1,'2025-03-25 13:57:04','2025-04-22 13:57:04','https://picsum.photos/id/23/800/800',0,561),(84,18,'精品女装351',136.94,716.04,99,341,'http://localhost:8080/uploads/default-product.jpg','http://localhost:8080/uploads/default-product.jpg','这是第81号商品的描述','<p>这是第81号商品的详细描述</p>',1,'2025-04-01 13:57:04','2025-04-22 13:57:04','https://picsum.photos/id/24/800/800',0,516),(85,11,'新款女装448',246.63,1024.90,8,857,'http://localhost:8080/uploads/default-product.jpg','http://localhost:8080/uploads/default-product.jpg','这是第82号商品的描述','<p>这是第82号商品的详细描述</p>',1,'2025-04-22 13:57:04','2025-04-22 13:57:04','https://picsum.photos/id/25/800/800',0,559),(86,15,'热销女装99',422.01,965.19,94,767,'http://localhost:8080/uploads/default-product.jpg','http://localhost:8080/uploads/default-product.jpg','这是第83号商品的描述','<p>这是第83号商品的详细描述</p>',1,'2025-03-24 13:57:04','2025-04-22 13:57:04','https://picsum.photos/id/26/800/800',0,662),(87,10,'新款童装60',40.92,1225.63,98,583,'http://localhost:8080/uploads/default-product.jpg','http://localhost:8080/uploads/default-product.jpg','这是第84号商品的描述','<p>这是第84号商品的详细描述</p>',1,'2025-03-25 13:57:04','2025-04-22 13:57:04','https://picsum.photos/id/27/800/800',0,47),(88,10,'新款男装768',432.77,1057.79,83,592,'http://localhost:8080/uploads/default-product.jpg','http://localhost:8080/uploads/default-product.jpg','这是第85号商品的描述','<p>这是第85号商品的详细描述</p>',1,'2025-04-09 13:57:04','2025-04-22 13:57:04','https://picsum.photos/id/28/800/800',0,470),(89,6,'新款男装290',392.59,79.19,53,265,'http://localhost:8080/uploads/default-product.jpg','http://localhost:8080/uploads/default-product.jpg','这是第86号商品的描述','<p>这是第86号商品的详细描述</p>',1,'2025-04-01 13:57:04','2025-04-22 13:57:04','https://picsum.photos/id/29/800/800',0,743),(90,13,'新款电脑435',384.38,739.19,17,511,'http://localhost:8080/uploads/default-product.jpg','http://localhost:8080/uploads/default-product.jpg','这是第87号商品的描述','<p>这是第87号商品的详细描述</p>',1,'2025-04-21 13:57:04','2025-04-22 13:57:04','https://picsum.photos/id/20/800/800',0,657),(91,8,'热销电脑101',636.89,1020.68,46,102,'http://localhost:8080/uploads/default-product.jpg','http://localhost:8080/uploads/default-product.jpg','这是第88号商品的描述','<p>这是第88号商品的详细描述</p>',1,'2025-04-19 13:57:04','2025-04-22 13:57:04','https://picsum.photos/id/21/800/800',0,247),(92,17,'新款男装647',645.45,321.90,21,848,'http://localhost:8080/uploads/default-product.jpg','http://localhost:8080/uploads/default-product.jpg','这是第89号商品的描述','<p>这是第89号商品的详细描述</p>',1,'2025-04-04 13:57:04','2025-04-22 13:57:04','https://picsum.photos/id/22/800/800',0,502),(93,14,'热销童装756',297.76,214.08,70,359,'http://localhost:8080/uploads/default-product.jpg','http://localhost:8080/uploads/default-product.jpg','这是第90号商品的描述','<p>这是第90号商品的详细描述</p>',1,'2025-04-02 13:57:04','2025-04-22 13:57:04','https://picsum.photos/id/23/800/800',0,366),(94,15,'新款女装720',445.20,60.55,23,587,'http://localhost:8080/uploads/default-product.jpg','http://localhost:8080/uploads/default-product.jpg','这是第91号商品的描述','<p>这是第91号商品的详细描述</p>',1,'2025-04-16 13:57:04','2025-04-22 13:57:04','https://picsum.photos/id/24/800/800',0,330),(95,18,'热销电脑750',929.47,451.85,69,949,'http://localhost:8080/uploads/default-product.jpg','http://localhost:8080/uploads/default-product.jpg','这是第92号商品的描述','<p>这是第92号商品的详细描述</p>',1,'2025-04-03 13:57:04','2025-04-22 13:57:04','https://picsum.photos/id/25/800/800',0,481),(96,11,'新款手机179',505.49,1119.63,67,430,'http://localhost:8080/uploads/default-product.jpg','http://localhost:8080/uploads/default-product.jpg','这是第93号商品的描述','<p>这是第93号商品的详细描述</p>',1,'2025-04-19 13:57:04','2025-04-22 13:57:04','https://picsum.photos/id/26/800/800',0,370),(97,11,'时尚童装949',271.68,583.26,47,627,'http://localhost:8080/uploads/default-product.jpg','http://localhost:8080/uploads/default-product.jpg','这是第94号商品的描述','<p>这是第94号商品的详细描述</p>',1,'2025-04-01 13:57:04','2025-04-22 13:57:04','https://picsum.photos/id/27/800/800',0,717),(98,11,'热销手机78',592.20,888.32,70,252,'http://localhost:8080/uploads/default-product.jpg','http://localhost:8080/uploads/default-product.jpg','这是第95号商品的描述','<p>这是第95号商品的详细描述</p>',1,'2025-04-18 13:57:04','2025-04-22 13:57:04','https://picsum.photos/id/28/800/800',0,909),(99,7,'时尚手机11',238.20,163.60,15,85,'http://localhost:8080/uploads/default-product.jpg','http://localhost:8080/uploads/default-product.jpg','这是第96号商品的描述','<p>这是第96号商品的详细描述</p>',1,'2025-03-25 13:57:04','2025-04-22 13:57:04','https://picsum.photos/id/29/800/800',0,493),(100,14,'新款男装973',409.76,123.00,8,607,'http://localhost:8080/uploads/default-product.jpg','http://localhost:8080/uploads/default-product.jpg','这是第97号商品的描述','<p>这是第97号商品的详细描述</p>',1,'2025-03-30 13:57:04','2025-04-22 13:57:04','https://picsum.photos/id/20/800/800',0,60),(101,18,'新款童装411',585.24,826.53,7,511,'http://localhost:8080/uploads/default-product.jpg','http://localhost:8080/uploads/default-product.jpg','这是第98号商品的描述','<p>这是第98号商品的详细描述</p>',1,'2025-04-12 13:57:04','2025-04-22 13:57:04','https://picsum.photos/id/21/800/800',0,161),(102,16,'高端电脑274',583.57,102.82,94,843,'http://localhost:8080/uploads/default-product.jpg','http://localhost:8080/uploads/default-product.jpg','这是第99号商品的描述','<p>这是第99号商品的详细描述</p>',1,'2025-04-11 13:57:04','2025-04-22 13:57:04','https://picsum.photos/id/22/800/800',0,322),(103,12,'高端男装211',578.36,288.63,55,417,'http://localhost:8080/uploads/default-product.jpg','http://localhost:8080/uploads/default-product.jpg','这是第100号商品的描述','<p>这是第100号商品的详细描述</p>',1,'2025-04-10 13:57:04','2025-04-22 13:57:04','https://picsum.photos/id/23/800/800',0,869),(131,6,'新款童装643',467.03,459.94,37,350,'https://img.alicdn.com/imgextra/i2/2200724907121/O1CN01Z0JmYk24jcFHVHt5Y_!!2200724907121.jpg','https://img.alicdn.com/imgextra/i1/2200724907121/O1CN01h8mGXk24jcFHVHt5Y_!!2200724907121.jpg,https://img.alicdn.com/imgextra/i4/2200724907121/O1CN01kzmJMM24jcFEzp5Yv_!!2200724907121.jpg,https://img.alicdn.com/imgextra/i3/2200724907121/O1CN01Z0JmYk24jcFHVHt5Y_!!2200724907121.jpg','这是第1号商品的描述','<p>这是第1号商品的详细描述</p>',1,'2025-04-22 14:01:39','2025-04-22 14:47:28','https://picsum.photos/id/21/800/800',0,31),(132,6,'精品男装669',87.67,479.98,23,148,'https://img.alicdn.com/imgextra/i4/2200724907121/O1CN01kzmJMM24jcFEzp5Yv_!!2200724907121.jpg','https://img.alicdn.com/imgextra/i3/2200724907121/O1CN01Z0JmYk24jcFHVHt5Y_!!2200724907121.jpg,https://img.alicdn.com/imgextra/i1/2200724907121/O1CN01h8mGXk24jcFHVHt5Y_!!2200724907121.jpg,https://img.alicdn.com/imgextra/i4/2200724907121/O1CN01kzmJMM24jcFEzp5Yv_!!2200724907121.jpg','这是第2号商品的描述','<p>这是第2号商品的详细描述</p>',1,'2025-04-02 14:01:39','2025-04-22 14:48:08','https://picsum.photos/id/22/800/800',0,81),(133,10,'高端女装53',409.02,953.15,76,612,'https://img.alicdn.com/imgextra/i3/2200724907121/O1CN01Z0JmYk24jcFHVHt5Y_!!2200724907121.jpg','https://img.alicdn.com/imgextra/i4/2200724907121/O1CN01kzmJMM24jcFEzp5Yv_!!2200724907121.jpg,https://img.alicdn.com/imgextra/i1/2200724907121/O1CN01h8mGXk24jcFHVHt5Y_!!2200724907121.jpg,https://img.alicdn.com/imgextra/i1/2200724907121/O1CN01h8mGXk24jcFHVHt5Y_!!2200724907121.jpg','这是第3号商品的描述','<p>这是第3号商品的详细描述</p>',1,'2025-04-21 14:01:39','2025-04-22 14:47:30','https://picsum.photos/id/23/800/800',0,470),(134,8,'新款电脑782',916.41,280.46,32,410,'https://img.alicdn.com/imgextra/i4/2200724907121/O1CN01kzmJMM24jcFEzp5Yv_!!2200724907121.jpg','https://img.alicdn.com/imgextra/i1/2200724907121/O1CN01h8mGXk24jcFHVHt5Y_!!2200724907121.jpg,https://img.alicdn.com/imgextra/i2/2200724907121/O1CN01Z0JmYk24jcFHVHt5Y_!!2200724907121.jpg,https://img.alicdn.com/imgextra/i2/2200724907121/O1CN01Z0JmYk24jcFHVHt5Y_!!2200724907121.jpg','这是第4号商品的描述','<p>这是第4号商品的详细描述</p>',1,'2025-04-13 14:01:39','2025-04-22 14:47:42','https://picsum.photos/id/24/800/800',0,722),(135,13,'热销手机511',641.87,775.75,88,309,'https://img.alicdn.com/imgextra/i4/2200724907121/O1CN01kzmJMM24jcFEzp5Yv_!!2200724907121.jpg','https://img.alicdn.com/imgextra/i1/2200724907121/O1CN01h8mGXk24jcFHVHt5Y_!!2200724907121.jpg,https://img.alicdn.com/imgextra/i4/2200724907121/O1CN01kzmJMM24jcFEzp5Yv_!!2200724907121.jpg,https://img.alicdn.com/imgextra/i1/2200724907121/O1CN01h8mGXk24jcFHVHt5Y_!!2200724907121.jpg','这是第5号商品的描述','<p>这是第5号商品的详细描述</p>',1,'2025-04-06 14:01:39','2025-04-22 14:47:53','https://picsum.photos/id/25/800/800',0,213),(136,10,'精品男装89',920.26,428.46,44,550,'https://img.alicdn.com/imgextra/i4/2200724907121/O1CN01kzmJMM24jcFEzp5Yv_!!2200724907121.jpg','https://img.alicdn.com/imgextra/i4/2200724907121/O1CN01kzmJMM24jcFEzp5Yv_!!2200724907121.jpg,https://img.alicdn.com/imgextra/i1/2200724907121/O1CN01h8mGXk24jcFHVHt5Y_!!2200724907121.jpg,https://img.alicdn.com/imgextra/i2/2200724907121/O1CN01Z0JmYk24jcFHVHt5Y_!!2200724907121.jpg','这是第6号商品的描述','<p>这是第6号商品的详细描述</p>',1,'2025-04-02 14:01:39','2025-04-22 14:48:08','https://picsum.photos/id/26/800/800',0,797),(137,17,'时尚男装335',151.35,797.93,43,838,'https://img.alicdn.com/imgextra/i4/2200724907121/O1CN01kzmJMM24jcFEzp5Yv_!!2200724907121.jpg','https://img.alicdn.com/imgextra/i1/2200724907121/O1CN01h8mGXk24jcFHVHt5Y_!!2200724907121.jpg,https://img.alicdn.com/imgextra/i1/2200724907121/O1CN01h8mGXk24jcFHVHt5Y_!!2200724907121.jpg,https://img.alicdn.com/imgextra/i1/2200724907121/O1CN01h8mGXk24jcFHVHt5Y_!!2200724907121.jpg','这是第7号商品的描述','<p>这是第7号商品的详细描述</p>',1,'2025-04-02 14:01:39','2025-04-22 14:48:08','https://picsum.photos/id/27/800/800',0,75),(138,9,'精品童装483',46.44,894.00,60,361,'https://img.alicdn.com/imgextra/i1/2200724907121/O1CN01h8mGXk24jcFHVHt5Y_!!2200724907121.jpg','https://img.alicdn.com/imgextra/i3/2200724907121/O1CN01Z0JmYk24jcFHVHt5Y_!!2200724907121.jpg,https://img.alicdn.com/imgextra/i4/2200724907121/O1CN01kzmJMM24jcFEzp5Yv_!!2200724907121.jpg,https://img.alicdn.com/imgextra/i4/2200724907121/O1CN01kzmJMM24jcFEzp5Yv_!!2200724907121.jpg','这是第8号商品的描述','<p>这是第8号商品的详细描述</p>',1,'2025-04-14 14:01:39','2025-04-22 14:47:39','https://picsum.photos/id/28/800/800',0,762),(139,18,'高端童装994',542.57,908.52,44,506,'https://img.alicdn.com/imgextra/i1/2200724907121/O1CN01h8mGXk24jcFHVHt5Y_!!2200724907121.jpg','https://img.alicdn.com/imgextra/i4/2200724907121/O1CN01kzmJMM24jcFEzp5Yv_!!2200724907121.jpg,https://img.alicdn.com/imgextra/i1/2200724907121/O1CN01h8mGXk24jcFHVHt5Y_!!2200724907121.jpg,https://img.alicdn.com/imgextra/i3/2200724907121/O1CN01Z0JmYk24jcFHVHt5Y_!!2200724907121.jpg','这是第9号商品的描述','<p>这是第9号商品的详细描述</p>',1,'2025-04-22 14:01:39','2025-04-22 14:47:25','https://picsum.photos/id/29/800/800',0,193),(140,17,'热销手机837',124.50,96.08,69,524,'https://img.alicdn.com/imgextra/i1/2200724907121/O1CN01h8mGXk24jcFHVHt5Y_!!2200724907121.jpg','https://img.alicdn.com/imgextra/i1/2200724907121/O1CN01h8mGXk24jcFHVHt5Y_!!2200724907121.jpg,https://img.alicdn.com/imgextra/i2/2200724907121/O1CN01Z0JmYk24jcFHVHt5Y_!!2200724907121.jpg,https://img.alicdn.com/imgextra/i1/2200724907121/O1CN01h8mGXk24jcFHVHt5Y_!!2200724907121.jpg','这是第10号商品的描述','<p>这是第10号商品的详细描述</p>',1,'2025-03-26 14:01:39','2025-04-22 14:48:08','https://picsum.photos/id/20/800/800',0,997),(141,9,'高端女装381',889.21,381.30,16,415,'https://img.alicdn.com/imgextra/i1/2200724907121/O1CN01h8mGXk24jcFHVHt5Y_!!2200724907121.jpg','https://img.alicdn.com/imgextra/i1/2200724907121/O1CN01h8mGXk24jcFHVHt5Y_!!2200724907121.jpg,https://img.alicdn.com/imgextra/i2/2200724907121/O1CN01Z0JmYk24jcFHVHt5Y_!!2200724907121.jpg,https://img.alicdn.com/imgextra/i4/2200724907121/O1CN01kzmJMM24jcFEzp5Yv_!!2200724907121.jpg','这是第11号商品的描述','<p>这是第11号商品的详细描述</p>',1,'2025-04-02 14:01:39','2025-04-22 14:01:39','https://picsum.photos/id/21/800/800',0,995),(142,17,'高端电脑685',904.03,563.98,53,930,'https://img.alicdn.com/imgextra/i4/2200724907121/O1CN01kzmJMM24jcFEzp5Yv_!!2200724907121.jpg','https://img.alicdn.com/imgextra/i4/2200724907121/O1CN01kzmJMM24jcFEzp5Yv_!!2200724907121.jpg,https://img.alicdn.com/imgextra/i4/2200724907121/O1CN01kzmJMM24jcFEzp5Yv_!!2200724907121.jpg,https://img.alicdn.com/imgextra/i4/2200724907121/O1CN01kzmJMM24jcFEzp5Yv_!!2200724907121.jpg','这是第12号商品的描述','<p>这是第12号商品的详细描述</p>',1,'2025-04-15 14:01:39','2025-04-22 14:01:39','https://picsum.photos/id/22/800/800',0,672),(143,13,'热销电脑645',566.18,1081.54,78,902,'https://img.alicdn.com/imgextra/i1/2200724907121/O1CN01h8mGXk24jcFHVHt5Y_!!2200724907121.jpg','https://img.alicdn.com/imgextra/i4/2200724907121/O1CN01kzmJMM24jcFEzp5Yv_!!2200724907121.jpg,https://img.alicdn.com/imgextra/i2/2200724907121/O1CN01Z0JmYk24jcFHVHt5Y_!!2200724907121.jpg,https://img.alicdn.com/imgextra/i1/2200724907121/O1CN01h8mGXk24jcFHVHt5Y_!!2200724907121.jpg','这是第13号商品的描述','<p>这是第13号商品的详细描述</p>',1,'2025-04-18 14:01:39','2025-04-22 14:01:39','https://picsum.photos/id/23/800/800',0,759),(144,10,'高端童装96',882.81,166.23,41,209,'https://img.alicdn.com/imgextra/i4/2200724907121/O1CN01kzmJMM24jcFEzp5Yv_!!2200724907121.jpg','https://img.alicdn.com/imgextra/i3/2200724907121/O1CN01Z0JmYk24jcFHVHt5Y_!!2200724907121.jpg,https://img.alicdn.com/imgextra/i4/2200724907121/O1CN01kzmJMM24jcFEzp5Yv_!!2200724907121.jpg,https://img.alicdn.com/imgextra/i3/2200724907121/O1CN01Z0JmYk24jcFHVHt5Y_!!2200724907121.jpg','这是第14号商品的描述','<p>这是第14号商品的详细描述</p>',1,'2025-04-18 14:01:39','2025-04-22 14:01:39','https://picsum.photos/id/24/800/800',0,751),(145,10,'精品电脑170',300.20,1220.00,59,287,'https://img.alicdn.com/imgextra/i2/2200724907121/O1CN01Z0JmYk24jcFHVHt5Y_!!2200724907121.jpg','https://img.alicdn.com/imgextra/i4/2200724907121/O1CN01kzmJMM24jcFEzp5Yv_!!2200724907121.jpg,https://img.alicdn.com/imgextra/i2/2200724907121/O1CN01Z0JmYk24jcFHVHt5Y_!!2200724907121.jpg,https://img.alicdn.com/imgextra/i3/2200724907121/O1CN01Z0JmYk24jcFHVHt5Y_!!2200724907121.jpg','这是第15号商品的描述','<p>这是第15号商品的详细描述</p>',1,'2025-04-18 14:01:39','2025-04-22 14:01:39','https://picsum.photos/id/25/800/800',0,460),(146,17,'热销男装548',543.49,69.72,96,940,'https://img.alicdn.com/imgextra/i4/2200724907121/O1CN01kzmJMM24jcFEzp5Yv_!!2200724907121.jpg','https://img.alicdn.com/imgextra/i2/2200724907121/O1CN01Z0JmYk24jcFHVHt5Y_!!2200724907121.jpg,https://img.alicdn.com/imgextra/i1/2200724907121/O1CN01h8mGXk24jcFHVHt5Y_!!2200724907121.jpg,https://img.alicdn.com/imgextra/i1/2200724907121/O1CN01h8mGXk24jcFHVHt5Y_!!2200724907121.jpg','这是第16号商品的描述','<p>这是第16号商品的详细描述</p>',1,'2025-03-29 14:01:39','2025-04-22 14:01:39','https://picsum.photos/id/26/800/800',0,297),(147,6,'时尚电脑21',350.19,754.64,23,450,'https://img.alicdn.com/imgextra/i1/2200724907121/O1CN01h8mGXk24jcFHVHt5Y_!!2200724907121.jpg','https://img.alicdn.com/imgextra/i4/2200724907121/O1CN01kzmJMM24jcFEzp5Yv_!!2200724907121.jpg,https://img.alicdn.com/imgextra/i3/2200724907121/O1CN01Z0JmYk24jcFHVHt5Y_!!2200724907121.jpg,https://img.alicdn.com/imgextra/i2/2200724907121/O1CN01Z0JmYk24jcFHVHt5Y_!!2200724907121.jpg','这是第17号商品的描述','<p>这是第17号商品的详细描述</p>',1,'2025-03-26 14:01:39','2025-04-22 14:01:39','https://picsum.photos/id/27/800/800',0,804),(148,9,'热销手机471',496.01,61.93,51,411,'https://img.alicdn.com/imgextra/i4/2200724907121/O1CN01kzmJMM24jcFEzp5Yv_!!2200724907121.jpg','https://img.alicdn.com/imgextra/i2/2200724907121/O1CN01Z0JmYk24jcFHVHt5Y_!!2200724907121.jpg,https://img.alicdn.com/imgextra/i4/2200724907121/O1CN01kzmJMM24jcFEzp5Yv_!!2200724907121.jpg,https://img.alicdn.com/imgextra/i3/2200724907121/O1CN01Z0JmYk24jcFHVHt5Y_!!2200724907121.jpg','这是第18号商品的描述','<p>这是第18号商品的详细描述</p>',1,'2025-04-20 14:01:39','2025-04-22 14:01:39','https://picsum.photos/id/28/800/800',0,433),(149,18,'高端手机514',775.47,379.62,46,485,'https://img.alicdn.com/imgextra/i4/2200724907121/O1CN01kzmJMM24jcFEzp5Yv_!!2200724907121.jpg','https://img.alicdn.com/imgextra/i2/2200724907121/O1CN01Z0JmYk24jcFHVHt5Y_!!2200724907121.jpg,https://img.alicdn.com/imgextra/i1/2200724907121/O1CN01h8mGXk24jcFHVHt5Y_!!2200724907121.jpg,https://img.alicdn.com/imgextra/i3/2200724907121/O1CN01Z0JmYk24jcFHVHt5Y_!!2200724907121.jpg','这是第19号商品的描述','<p>这是第19号商品的详细描述</p>',1,'2025-04-07 14:01:39','2025-04-22 14:01:39','https://picsum.photos/id/29/800/800',0,264),(150,15,'热销女装727',782.70,832.69,13,899,'https://img.alicdn.com/imgextra/i4/2200724907121/O1CN01kzmJMM24jcFEzp5Yv_!!2200724907121.jpg','https://img.alicdn.com/imgextra/i3/2200724907121/O1CN01Z0JmYk24jcFHVHt5Y_!!2200724907121.jpg,https://img.alicdn.com/imgextra/i4/2200724907121/O1CN01kzmJMM24jcFEzp5Yv_!!2200724907121.jpg,https://img.alicdn.com/imgextra/i1/2200724907121/O1CN01h8mGXk24jcFHVHt5Y_!!2200724907121.jpg','这是第20号商品的描述','<p>这是第20号商品的详细描述</p>',1,'2025-04-11 14:01:39','2025-04-22 14:01:39','https://picsum.photos/id/20/800/800',0,422),(151,18,'高端手机285',109.85,837.42,70,834,'https://img.alicdn.com/imgextra/i1/2200724907121/O1CN01h8mGXk24jcFHVHt5Y_!!2200724907121.jpg','https://img.alicdn.com/imgextra/i4/2200724907121/O1CN01kzmJMM24jcFEzp5Yv_!!2200724907121.jpg,https://img.alicdn.com/imgextra/i2/2200724907121/O1CN01Z0JmYk24jcFHVHt5Y_!!2200724907121.jpg,https://img.alicdn.com/imgextra/i4/2200724907121/O1CN01kzmJMM24jcFEzp5Yv_!!2200724907121.jpg','这是第21号商品的描述','<p>这是第21号商品的详细描述</p>',1,'2025-03-31 14:01:39','2025-04-24 16:56:25','https://picsum.photos/id/21/800/800',0,1000),(152,16,'热销女装557',990.08,338.08,27,96,'https://img.alicdn.com/imgextra/i2/2200724907121/O1CN01Z0JmYk24jcFHVHt5Y_!!2200724907121.jpg','https://img.alicdn.com/imgextra/i4/2200724907121/O1CN01kzmJMM24jcFEzp5Yv_!!2200724907121.jpg,https://img.alicdn.com/imgextra/i1/2200724907121/O1CN01h8mGXk24jcFHVHt5Y_!!2200724907121.jpg,https://img.alicdn.com/imgextra/i4/2200724907121/O1CN01kzmJMM24jcFEzp5Yv_!!2200724907121.jpg','这是第22号商品的描述','<p>这是第22号商品的详细描述</p>',1,'2025-04-04 14:01:39','2025-04-22 14:01:39','https://picsum.photos/id/22/800/800',0,569),(153,18,'精品童装196',764.82,289.92,43,727,'https://img.alicdn.com/imgextra/i3/2200724907121/O1CN01Z0JmYk24jcFHVHt5Y_!!2200724907121.jpg','https://img.alicdn.com/imgextra/i4/2200724907121/O1CN01kzmJMM24jcFEzp5Yv_!!2200724907121.jpg,https://img.alicdn.com/imgextra/i1/2200724907121/O1CN01h8mGXk24jcFHVHt5Y_!!2200724907121.jpg,https://img.alicdn.com/imgextra/i2/2200724907121/O1CN01Z0JmYk24jcFHVHt5Y_!!2200724907121.jpg','这是第23号商品的描述','<p>这是第23号商品的详细描述</p>',1,'2025-04-03 14:01:39','2025-04-22 14:01:39','https://picsum.photos/id/23/800/800',0,326),(154,14,'高端男装240',883.45,874.41,95,352,'https://img.alicdn.com/imgextra/i1/2200724907121/O1CN01h8mGXk24jcFHVHt5Y_!!2200724907121.jpg','https://img.alicdn.com/imgextra/i4/2200724907121/O1CN01kzmJMM24jcFEzp5Yv_!!2200724907121.jpg,https://img.alicdn.com/imgextra/i1/2200724907121/O1CN01h8mGXk24jcFHVHt5Y_!!2200724907121.jpg,https://img.alicdn.com/imgextra/i3/2200724907121/O1CN01Z0JmYk24jcFHVHt5Y_!!2200724907121.jpg','这是第24号商品的描述','<p>这是第24号商品的详细描述</p>',1,'2025-04-12 14:01:39','2025-04-22 14:01:39','https://picsum.photos/id/24/800/800',0,509),(155,12,'时尚电脑371',59.16,170.77,18,379,'https://img.alicdn.com/imgextra/i3/2200724907121/O1CN01Z0JmYk24jcFHVHt5Y_!!2200724907121.jpg','https://img.alicdn.com/imgextra/i1/2200724907121/O1CN01h8mGXk24jcFHVHt5Y_!!2200724907121.jpg,https://img.alicdn.com/imgextra/i3/2200724907121/O1CN01Z0JmYk24jcFHVHt5Y_!!2200724907121.jpg,https://img.alicdn.com/imgextra/i4/2200724907121/O1CN01kzmJMM24jcFEzp5Yv_!!2200724907121.jpg','这是第25号商品的描述','<p>这是第25号商品的详细描述</p>',1,'2025-04-18 14:01:39','2025-04-22 14:01:39','https://picsum.photos/id/25/800/800',0,449),(156,16,'热销电脑497',30.75,678.45,16,831,'https://img.alicdn.com/imgextra/i2/2200724907121/O1CN01Z0JmYk24jcFHVHt5Y_!!2200724907121.jpg','https://img.alicdn.com/imgextra/i3/2200724907121/O1CN01Z0JmYk24jcFHVHt5Y_!!2200724907121.jpg,https://img.alicdn.com/imgextra/i1/2200724907121/O1CN01h8mGXk24jcFHVHt5Y_!!2200724907121.jpg,https://img.alicdn.com/imgextra/i1/2200724907121/O1CN01h8mGXk24jcFHVHt5Y_!!2200724907121.jpg','这是第26号商品的描述','<p>这是第26号商品的详细描述</p>',1,'2025-03-31 14:01:39','2025-04-22 14:01:39','https://picsum.photos/id/26/800/800',0,183),(157,14,'新款男装984',435.21,249.55,82,65,'https://img.alicdn.com/imgextra/i4/2200724907121/O1CN01kzmJMM24jcFEzp5Yv_!!2200724907121.jpg','https://img.alicdn.com/imgextra/i1/2200724907121/O1CN01h8mGXk24jcFHVHt5Y_!!2200724907121.jpg,https://img.alicdn.com/imgextra/i1/2200724907121/O1CN01h8mGXk24jcFHVHt5Y_!!2200724907121.jpg,https://img.alicdn.com/imgextra/i1/2200724907121/O1CN01h8mGXk24jcFHVHt5Y_!!2200724907121.jpg','这是第27号商品的描述','<p>这是第27号商品的详细描述</p>',1,'2025-03-28 14:01:39','2025-04-22 14:01:39','https://picsum.photos/id/27/800/800',0,517),(158,7,'热销男装544',661.97,773.86,65,292,'https://img.alicdn.com/imgextra/i4/2200724907121/O1CN01kzmJMM24jcFEzp5Yv_!!2200724907121.jpg','https://img.alicdn.com/imgextra/i2/2200724907121/O1CN01Z0JmYk24jcFHVHt5Y_!!2200724907121.jpg,https://img.alicdn.com/imgextra/i1/2200724907121/O1CN01h8mGXk24jcFHVHt5Y_!!2200724907121.jpg,https://img.alicdn.com/imgextra/i4/2200724907121/O1CN01kzmJMM24jcFEzp5Yv_!!2200724907121.jpg','这是第28号商品的描述','<p>这是第28号商品的详细描述</p>',1,'2025-04-01 14:01:39','2025-04-22 14:01:39','https://picsum.photos/id/28/800/800',0,55),(159,7,'精品电脑48',389.84,961.54,22,19,'https://img.alicdn.com/imgextra/i4/2200724907121/O1CN01kzmJMM24jcFEzp5Yv_!!2200724907121.jpg','https://img.alicdn.com/imgextra/i1/2200724907121/O1CN01h8mGXk24jcFHVHt5Y_!!2200724907121.jpg,https://img.alicdn.com/imgextra/i3/2200724907121/O1CN01Z0JmYk24jcFHVHt5Y_!!2200724907121.jpg,https://img.alicdn.com/imgextra/i2/2200724907121/O1CN01Z0JmYk24jcFHVHt5Y_!!2200724907121.jpg','这是第29号商品的描述','<p>这是第29号商品的详细描述</p>',1,'2025-03-25 14:01:39','2025-04-22 14:01:39','https://picsum.photos/id/29/800/800',0,908),(160,14,'新款女装380',94.40,330.52,97,399,'https://img.alicdn.com/imgextra/i4/2200724907121/O1CN01kzmJMM24jcFEzp5Yv_!!2200724907121.jpg','https://img.alicdn.com/imgextra/i4/2200724907121/O1CN01kzmJMM24jcFEzp5Yv_!!2200724907121.jpg,https://img.alicdn.com/imgextra/i2/2200724907121/O1CN01Z0JmYk24jcFHVHt5Y_!!2200724907121.jpg,https://img.alicdn.com/imgextra/i1/2200724907121/O1CN01h8mGXk24jcFHVHt5Y_!!2200724907121.jpg','这是第30号商品的描述','<p>这是第30号商品的详细描述</p>',1,'2025-04-18 14:01:39','2025-04-22 14:01:39','https://picsum.photos/id/20/800/800',0,804),(161,13,'高端手机317',300.28,639.37,87,313,'https://img.alicdn.com/imgextra/i1/2200724907121/O1CN01h8mGXk24jcFHVHt5Y_!!2200724907121.jpg','https://img.alicdn.com/imgextra/i4/2200724907121/O1CN01kzmJMM24jcFEzp5Yv_!!2200724907121.jpg,https://img.alicdn.com/imgextra/i2/2200724907121/O1CN01Z0JmYk24jcFHVHt5Y_!!2200724907121.jpg,https://img.alicdn.com/imgextra/i4/2200724907121/O1CN01kzmJMM24jcFEzp5Yv_!!2200724907121.jpg','这是第31号商品的描述','<p>这是第31号商品的详细描述</p>',1,'2025-04-15 14:01:39','2025-04-22 14:01:39','https://picsum.photos/id/21/800/800',0,914),(162,16,'时尚女装895',742.43,27.99,17,329,'https://img.alicdn.com/imgextra/i1/2200724907121/O1CN01h8mGXk24jcFHVHt5Y_!!2200724907121.jpg','https://img.alicdn.com/imgextra/i2/2200724907121/O1CN01Z0JmYk24jcFHVHt5Y_!!2200724907121.jpg,https://img.alicdn.com/imgextra/i4/2200724907121/O1CN01kzmJMM24jcFEzp5Yv_!!2200724907121.jpg,https://img.alicdn.com/imgextra/i1/2200724907121/O1CN01h8mGXk24jcFHVHt5Y_!!2200724907121.jpg','这是第32号商品的描述','<p>这是第32号商品的详细描述</p>',1,'2025-03-26 14:01:39','2025-04-22 14:01:39','https://picsum.photos/id/22/800/800',0,663),(163,13,'新款电脑436',456.23,1108.08,0,912,'https://img.alicdn.com/imgextra/i1/2200724907121/O1CN01h8mGXk24jcFHVHt5Y_!!2200724907121.jpg','https://img.alicdn.com/imgextra/i4/2200724907121/O1CN01kzmJMM24jcFEzp5Yv_!!2200724907121.jpg,https://img.alicdn.com/imgextra/i1/2200724907121/O1CN01h8mGXk24jcFHVHt5Y_!!2200724907121.jpg,https://img.alicdn.com/imgextra/i4/2200724907121/O1CN01kzmJMM24jcFEzp5Yv_!!2200724907121.jpg','这是第33号商品的描述','<p>这是第33号商品的详细描述</p>',1,'2025-03-29 14:01:39','2025-04-22 14:01:39','https://picsum.photos/id/23/800/800',0,684),(164,18,'新款手机782',529.12,352.47,13,313,'https://img.alicdn.com/imgextra/i1/2200724907121/O1CN01h8mGXk24jcFHVHt5Y_!!2200724907121.jpg','https://img.alicdn.com/imgextra/i4/2200724907121/O1CN01kzmJMM24jcFEzp5Yv_!!2200724907121.jpg,https://img.alicdn.com/imgextra/i3/2200724907121/O1CN01Z0JmYk24jcFHVHt5Y_!!2200724907121.jpg,https://img.alicdn.com/imgextra/i1/2200724907121/O1CN01h8mGXk24jcFHVHt5Y_!!2200724907121.jpg','这是第34号商品的描述','<p>这是第34号商品的详细描述</p>',1,'2025-04-06 14:01:39','2025-04-22 14:01:39','https://picsum.photos/id/24/800/800',0,255),(165,14,'高端手机670',411.47,32.90,26,756,'https://img.alicdn.com/imgextra/i1/2200724907121/O1CN01h8mGXk24jcFHVHt5Y_!!2200724907121.jpg','https://img.alicdn.com/imgextra/i1/2200724907121/O1CN01h8mGXk24jcFHVHt5Y_!!2200724907121.jpg,https://img.alicdn.com/imgextra/i4/2200724907121/O1CN01kzmJMM24jcFEzp5Yv_!!2200724907121.jpg,https://img.alicdn.com/imgextra/i4/2200724907121/O1CN01kzmJMM24jcFEzp5Yv_!!2200724907121.jpg','这是第35号商品的描述','<p>这是第35号商品的详细描述</p>',1,'2025-04-14 14:01:39','2025-04-22 14:01:39','https://picsum.photos/id/25/800/800',0,992),(166,7,'高端电脑261',576.49,107.75,13,648,'https://img.alicdn.com/imgextra/i4/2200724907121/O1CN01kzmJMM24jcFEzp5Yv_!!2200724907121.jpg','https://img.alicdn.com/imgextra/i2/2200724907121/O1CN01Z0JmYk24jcFHVHt5Y_!!2200724907121.jpg,https://img.alicdn.com/imgextra/i3/2200724907121/O1CN01Z0JmYk24jcFHVHt5Y_!!2200724907121.jpg,https://img.alicdn.com/imgextra/i4/2200724907121/O1CN01kzmJMM24jcFEzp5Yv_!!2200724907121.jpg','这是第36号商品的描述','<p>这是第36号商品的详细描述</p>',1,'2025-04-22 14:01:39','2025-04-22 14:01:39','https://picsum.photos/id/26/800/800',0,861),(167,9,'热销女装599',388.45,145.03,76,562,'https://img.alicdn.com/imgextra/i1/2200724907121/O1CN01h8mGXk24jcFHVHt5Y_!!2200724907121.jpg','https://img.alicdn.com/imgextra/i4/2200724907121/O1CN01kzmJMM24jcFEzp5Yv_!!2200724907121.jpg,https://img.alicdn.com/imgextra/i1/2200724907121/O1CN01h8mGXk24jcFHVHt5Y_!!2200724907121.jpg,https://img.alicdn.com/imgextra/i4/2200724907121/O1CN01kzmJMM24jcFEzp5Yv_!!2200724907121.jpg','这是第37号商品的描述','<p>这是第37号商品的详细描述</p>',1,'2025-04-03 14:01:39','2025-04-22 14:01:39','https://picsum.photos/id/27/800/800',0,690),(168,11,'时尚手机462',490.23,61.05,58,718,'https://img.alicdn.com/imgextra/i4/2200724907121/O1CN01kzmJMM24jcFEzp5Yv_!!2200724907121.jpg','https://img.alicdn.com/imgextra/i1/2200724907121/O1CN01h8mGXk24jcFHVHt5Y_!!2200724907121.jpg,https://img.alicdn.com/imgextra/i3/2200724907121/O1CN01Z0JmYk24jcFHVHt5Y_!!2200724907121.jpg,https://img.alicdn.com/imgextra/i1/2200724907121/O1CN01h8mGXk24jcFHVHt5Y_!!2200724907121.jpg','这是第38号商品的描述','<p>这是第38号商品的详细描述</p>',1,'2025-03-28 14:01:39','2025-04-22 14:01:39','https://picsum.photos/id/28/800/800',0,184),(169,11,'高端童装617',746.72,974.28,92,313,'https://img.alicdn.com/imgextra/i3/2200724907121/O1CN01Z0JmYk24jcFHVHt5Y_!!2200724907121.jpg','https://img.alicdn.com/imgextra/i1/2200724907121/O1CN01h8mGXk24jcFHVHt5Y_!!2200724907121.jpg,https://img.alicdn.com/imgextra/i2/2200724907121/O1CN01Z0JmYk24jcFHVHt5Y_!!2200724907121.jpg,https://img.alicdn.com/imgextra/i1/2200724907121/O1CN01h8mGXk24jcFHVHt5Y_!!2200724907121.jpg','这是第39号商品的描述','<p>这是第39号商品的详细描述</p>',1,'2025-03-27 14:01:39','2025-04-22 14:01:39','https://picsum.photos/id/29/800/800',0,967),(170,8,'热销童装66',123.34,455.86,47,824,'https://img.alicdn.com/imgextra/i2/2200724907121/O1CN01Z0JmYk24jcFHVHt5Y_!!2200724907121.jpg','https://img.alicdn.com/imgextra/i1/2200724907121/O1CN01h8mGXk24jcFHVHt5Y_!!2200724907121.jpg,https://img.alicdn.com/imgextra/i1/2200724907121/O1CN01h8mGXk24jcFHVHt5Y_!!2200724907121.jpg,https://img.alicdn.com/imgextra/i1/2200724907121/O1CN01h8mGXk24jcFHVHt5Y_!!2200724907121.jpg','这是第40号商品的描述','<p>这是第40号商品的详细描述</p>',1,'2025-03-27 14:01:39','2025-04-22 14:01:39','https://picsum.photos/id/20/800/800',0,872),(171,15,'热销童装462',995.73,768.53,5,365,'https://img.alicdn.com/imgextra/i2/2200724907121/O1CN01Z0JmYk24jcFHVHt5Y_!!2200724907121.jpg','https://img.alicdn.com/imgextra/i2/2200724907121/O1CN01Z0JmYk24jcFHVHt5Y_!!2200724907121.jpg,https://img.alicdn.com/imgextra/i2/2200724907121/O1CN01Z0JmYk24jcFHVHt5Y_!!2200724907121.jpg,https://img.alicdn.com/imgextra/i2/2200724907121/O1CN01Z0JmYk24jcFHVHt5Y_!!2200724907121.jpg','这是第41号商品的描述','<p>这是第41号商品的详细描述</p>',1,'2025-04-16 14:01:39','2025-04-22 14:01:39','https://picsum.photos/id/21/800/800',0,280),(172,15,'热销电脑319',708.06,710.43,89,313,'https://img.alicdn.com/imgextra/i4/2200724907121/O1CN01kzmJMM24jcFEzp5Yv_!!2200724907121.jpg','https://img.alicdn.com/imgextra/i4/2200724907121/O1CN01kzmJMM24jcFEzp5Yv_!!2200724907121.jpg,https://img.alicdn.com/imgextra/i3/2200724907121/O1CN01Z0JmYk24jcFHVHt5Y_!!2200724907121.jpg,https://img.alicdn.com/imgextra/i4/2200724907121/O1CN01kzmJMM24jcFEzp5Yv_!!2200724907121.jpg','这是第42号商品的描述','<p>这是第42号商品的详细描述</p>',1,'2025-03-24 14:01:39','2025-04-22 14:01:39','https://picsum.photos/id/22/800/800',0,498),(173,13,'精品手机385',43.02,27.13,74,856,'https://img.alicdn.com/imgextra/i4/2200724907121/O1CN01kzmJMM24jcFEzp5Yv_!!2200724907121.jpg','https://img.alicdn.com/imgextra/i2/2200724907121/O1CN01Z0JmYk24jcFHVHt5Y_!!2200724907121.jpg,https://img.alicdn.com/imgextra/i1/2200724907121/O1CN01h8mGXk24jcFHVHt5Y_!!2200724907121.jpg,https://img.alicdn.com/imgextra/i1/2200724907121/O1CN01h8mGXk24jcFHVHt5Y_!!2200724907121.jpg','这是第43号商品的描述','<p>这是第43号商品的详细描述</p>',1,'2025-04-19 14:01:39','2025-04-22 14:01:39','https://picsum.photos/id/23/800/800',0,779),(174,13,'精品女装325',740.33,835.31,59,917,'https://img.alicdn.com/imgextra/i4/2200724907121/O1CN01kzmJMM24jcFEzp5Yv_!!2200724907121.jpg','https://img.alicdn.com/imgextra/i3/2200724907121/O1CN01Z0JmYk24jcFHVHt5Y_!!2200724907121.jpg,https://img.alicdn.com/imgextra/i2/2200724907121/O1CN01Z0JmYk24jcFHVHt5Y_!!2200724907121.jpg,https://img.alicdn.com/imgextra/i4/2200724907121/O1CN01kzmJMM24jcFEzp5Yv_!!2200724907121.jpg','这是第44号商品的描述','<p>这是第44号商品的详细描述</p>',1,'2025-04-03 14:01:39','2025-04-22 14:01:39','https://picsum.photos/id/24/800/800',0,89),(175,12,'时尚童装880',927.05,1120.77,86,813,'https://img.alicdn.com/imgextra/i4/2200724907121/O1CN01kzmJMM24jcFEzp5Yv_!!2200724907121.jpg','https://img.alicdn.com/imgextra/i1/2200724907121/O1CN01h8mGXk24jcFHVHt5Y_!!2200724907121.jpg,https://img.alicdn.com/imgextra/i4/2200724907121/O1CN01kzmJMM24jcFEzp5Yv_!!2200724907121.jpg,https://img.alicdn.com/imgextra/i1/2200724907121/O1CN01h8mGXk24jcFHVHt5Y_!!2200724907121.jpg','这是第45号商品的描述','<p>这是第45号商品的详细描述</p>',1,'2025-04-10 14:01:39','2025-04-22 14:01:39','https://picsum.photos/id/25/800/800',0,698),(176,9,'时尚电脑0',392.78,1116.71,67,908,'https://img.alicdn.com/imgextra/i1/2200724907121/O1CN01h8mGXk24jcFHVHt5Y_!!2200724907121.jpg','https://img.alicdn.com/imgextra/i4/2200724907121/O1CN01kzmJMM24jcFEzp5Yv_!!2200724907121.jpg,https://img.alicdn.com/imgextra/i1/2200724907121/O1CN01h8mGXk24jcFHVHt5Y_!!2200724907121.jpg,https://img.alicdn.com/imgextra/i2/2200724907121/O1CN01Z0JmYk24jcFHVHt5Y_!!2200724907121.jpg','这是第46号商品的描述','<p>这是第46号商品的详细描述</p>',1,'2025-04-01 14:01:39','2025-04-22 14:01:39','https://picsum.photos/id/26/800/800',0,715),(177,12,'精品手机682',417.45,26.20,6,866,'https://img.alicdn.com/imgextra/i1/2200724907121/O1CN01h8mGXk24jcFHVHt5Y_!!2200724907121.jpg','https://img.alicdn.com/imgextra/i4/2200724907121/O1CN01kzmJMM24jcFEzp5Yv_!!2200724907121.jpg,https://img.alicdn.com/imgextra/i1/2200724907121/O1CN01h8mGXk24jcFHVHt5Y_!!2200724907121.jpg,https://img.alicdn.com/imgextra/i3/2200724907121/O1CN01Z0JmYk24jcFHVHt5Y_!!2200724907121.jpg','这是第47号商品的描述','<p>这是第47号商品的详细描述</p>',1,'2025-04-03 14:01:39','2025-04-22 14:01:39','https://picsum.photos/id/27/800/800',0,66),(178,11,'新款童装263',846.07,538.51,86,429,'https://img.alicdn.com/imgextra/i1/2200724907121/O1CN01h8mGXk24jcFHVHt5Y_!!2200724907121.jpg','https://img.alicdn.com/imgextra/i4/2200724907121/O1CN01kzmJMM24jcFEzp5Yv_!!2200724907121.jpg,https://img.alicdn.com/imgextra/i2/2200724907121/O1CN01Z0JmYk24jcFHVHt5Y_!!2200724907121.jpg,https://img.alicdn.com/imgextra/i4/2200724907121/O1CN01kzmJMM24jcFEzp5Yv_!!2200724907121.jpg','这是第48号商品的描述','<p>这是第48号商品的详细描述</p>',1,'2025-04-19 14:01:39','2025-04-22 14:01:39','https://picsum.photos/id/28/800/800',0,480),(179,6,'新款电脑853',718.57,37.62,68,600,'https://img.alicdn.com/imgextra/i1/2200724907121/O1CN01h8mGXk24jcFHVHt5Y_!!2200724907121.jpg','https://img.alicdn.com/imgextra/i4/2200724907121/O1CN01kzmJMM24jcFEzp5Yv_!!2200724907121.jpg,https://img.alicdn.com/imgextra/i1/2200724907121/O1CN01h8mGXk24jcFHVHt5Y_!!2200724907121.jpg,https://img.alicdn.com/imgextra/i4/2200724907121/O1CN01kzmJMM24jcFEzp5Yv_!!2200724907121.jpg','这是第49号商品的描述','<p>这是第49号商品的详细描述</p>',1,'2025-03-27 14:01:39','2025-04-22 14:01:39','https://picsum.photos/id/29/800/800',0,78),(180,15,'新款手机692',372.95,936.80,12,591,'https://img.alicdn.com/imgextra/i1/2200724907121/O1CN01h8mGXk24jcFHVHt5Y_!!2200724907121.jpg','https://img.alicdn.com/imgextra/i1/2200724907121/O1CN01h8mGXk24jcFHVHt5Y_!!2200724907121.jpg,https://img.alicdn.com/imgextra/i1/2200724907121/O1CN01h8mGXk24jcFHVHt5Y_!!2200724907121.jpg,https://img.alicdn.com/imgextra/i3/2200724907121/O1CN01Z0JmYk24jcFHVHt5Y_!!2200724907121.jpg','这是第50号商品的描述','<p>这是第50号商品的详细描述</p>',1,'2025-03-31 14:01:39','2025-04-22 14:01:39','https://picsum.photos/id/20/800/800',0,793),(181,15,'精品电脑3',230.11,139.77,89,944,'https://img.alicdn.com/imgextra/i4/2200724907121/O1CN01kzmJMM24jcFEzp5Yv_!!2200724907121.jpg','https://img.alicdn.com/imgextra/i3/2200724907121/O1CN01Z0JmYk24jcFHVHt5Y_!!2200724907121.jpg,https://img.alicdn.com/imgextra/i4/2200724907121/O1CN01kzmJMM24jcFEzp5Yv_!!2200724907121.jpg,https://img.alicdn.com/imgextra/i4/2200724907121/O1CN01kzmJMM24jcFEzp5Yv_!!2200724907121.jpg','这是第51号商品的描述','<p>这是第51号商品的详细描述</p>',1,'2025-04-04 14:01:39','2025-04-22 14:01:39','https://picsum.photos/id/21/800/800',0,28),(182,9,'精品童装779',358.32,473.82,98,781,'https://img.alicdn.com/imgextra/i1/2200724907121/O1CN01h8mGXk24jcFHVHt5Y_!!2200724907121.jpg','https://img.alicdn.com/imgextra/i4/2200724907121/O1CN01kzmJMM24jcFEzp5Yv_!!2200724907121.jpg,https://img.alicdn.com/imgextra/i1/2200724907121/O1CN01h8mGXk24jcFHVHt5Y_!!2200724907121.jpg,https://img.alicdn.com/imgextra/i2/2200724907121/O1CN01Z0JmYk24jcFHVHt5Y_!!2200724907121.jpg','这是第52号商品的描述','<p>这是第52号商品的详细描述</p>',1,'2025-04-01 14:01:39','2025-04-22 14:01:39','https://picsum.photos/id/22/800/800',0,585),(183,16,'精品女装26',524.51,580.70,63,48,'https://img.alicdn.com/imgextra/i3/2200724907121/O1CN01Z0JmYk24jcFHVHt5Y_!!2200724907121.jpg','https://img.alicdn.com/imgextra/i1/2200724907121/O1CN01h8mGXk24jcFHVHt5Y_!!2200724907121.jpg,https://img.alicdn.com/imgextra/i4/2200724907121/O1CN01kzmJMM24jcFEzp5Yv_!!2200724907121.jpg,https://img.alicdn.com/imgextra/i4/2200724907121/O1CN01kzmJMM24jcFEzp5Yv_!!2200724907121.jpg','这是第53号商品的描述','<p>这是第53号商品的详细描述</p>',1,'2025-04-04 14:01:39','2025-04-22 14:01:39','https://picsum.photos/id/23/800/800',0,851),(184,11,'高端电脑955',291.06,712.60,87,670,'https://img.alicdn.com/imgextra/i3/2200724907121/O1CN01Z0JmYk24jcFHVHt5Y_!!2200724907121.jpg','https://img.alicdn.com/imgextra/i1/2200724907121/O1CN01h8mGXk24jcFHVHt5Y_!!2200724907121.jpg,https://img.alicdn.com/imgextra/i3/2200724907121/O1CN01Z0JmYk24jcFHVHt5Y_!!2200724907121.jpg,https://img.alicdn.com/imgextra/i1/2200724907121/O1CN01h8mGXk24jcFHVHt5Y_!!2200724907121.jpg','这是第54号商品的描述','<p>这是第54号商品的详细描述</p>',1,'2025-04-04 14:01:39','2025-04-22 14:01:39','https://picsum.photos/id/24/800/800',0,231),(185,9,'新款童装358',403.76,1075.44,14,586,'https://img.alicdn.com/imgextra/i1/2200724907121/O1CN01h8mGXk24jcFHVHt5Y_!!2200724907121.jpg','https://img.alicdn.com/imgextra/i3/2200724907121/O1CN01Z0JmYk24jcFHVHt5Y_!!2200724907121.jpg,https://img.alicdn.com/imgextra/i2/2200724907121/O1CN01Z0JmYk24jcFHVHt5Y_!!2200724907121.jpg,https://img.alicdn.com/imgextra/i4/2200724907121/O1CN01kzmJMM24jcFEzp5Yv_!!2200724907121.jpg','这是第55号商品的描述','<p>这是第55号商品的详细描述</p>',1,'2025-04-01 14:01:39','2025-04-22 14:01:39','https://picsum.photos/id/25/800/800',0,956),(186,14,'精品童装711',35.37,1271.89,49,774,'https://img.alicdn.com/imgextra/i3/2200724907121/O1CN01Z0JmYk24jcFHVHt5Y_!!2200724907121.jpg','https://img.alicdn.com/imgextra/i2/2200724907121/O1CN01Z0JmYk24jcFHVHt5Y_!!2200724907121.jpg,https://img.alicdn.com/imgextra/i1/2200724907121/O1CN01h8mGXk24jcFHVHt5Y_!!2200724907121.jpg,https://img.alicdn.com/imgextra/i2/2200724907121/O1CN01Z0JmYk24jcFHVHt5Y_!!2200724907121.jpg','这是第56号商品的描述','<p>这是第56号商品的详细描述</p>',1,'2025-03-24 14:01:39','2025-04-22 14:01:39','https://picsum.photos/id/26/800/800',0,928),(187,14,'高端童装416',314.52,355.26,72,65,'https://img.alicdn.com/imgextra/i1/2200724907121/O1CN01h8mGXk24jcFHVHt5Y_!!2200724907121.jpg','https://img.alicdn.com/imgextra/i1/2200724907121/O1CN01h8mGXk24jcFHVHt5Y_!!2200724907121.jpg,https://img.alicdn.com/imgextra/i4/2200724907121/O1CN01kzmJMM24jcFEzp5Yv_!!2200724907121.jpg,https://img.alicdn.com/imgextra/i4/2200724907121/O1CN01kzmJMM24jcFEzp5Yv_!!2200724907121.jpg','这是第57号商品的描述','<p>这是第57号商品的详细描述</p>',1,'2025-03-24 14:01:39','2025-04-22 14:01:39','https://picsum.photos/id/27/800/800',0,516),(188,14,'新款童装171',545.74,231.29,6,365,'https://img.alicdn.com/imgextra/i2/2200724907121/O1CN01Z0JmYk24jcFHVHt5Y_!!2200724907121.jpg','https://img.alicdn.com/imgextra/i1/2200724907121/O1CN01h8mGXk24jcFHVHt5Y_!!2200724907121.jpg,https://img.alicdn.com/imgextra/i4/2200724907121/O1CN01kzmJMM24jcFEzp5Yv_!!2200724907121.jpg,https://img.alicdn.com/imgextra/i4/2200724907121/O1CN01kzmJMM24jcFEzp5Yv_!!2200724907121.jpg','这是第58号商品的描述','<p>这是第58号商品的详细描述</p>',1,'2025-03-27 14:01:39','2025-04-22 14:01:39','https://picsum.photos/id/28/800/800',0,217),(189,11,'精品女装720',636.46,13.75,55,452,'https://img.alicdn.com/imgextra/i1/2200724907121/O1CN01h8mGXk24jcFHVHt5Y_!!2200724907121.jpg','https://img.alicdn.com/imgextra/i1/2200724907121/O1CN01h8mGXk24jcFHVHt5Y_!!2200724907121.jpg,https://img.alicdn.com/imgextra/i1/2200724907121/O1CN01h8mGXk24jcFHVHt5Y_!!2200724907121.jpg,https://img.alicdn.com/imgextra/i4/2200724907121/O1CN01kzmJMM24jcFEzp5Yv_!!2200724907121.jpg','这是第59号商品的描述','<p>这是第59号商品的详细描述</p>',1,'2025-04-01 14:01:39','2025-04-22 14:01:39','https://picsum.photos/id/29/800/800',0,112),(190,11,'热销男装228',576.86,210.03,30,30,'https://img.alicdn.com/imgextra/i2/2200724907121/O1CN01Z0JmYk24jcFHVHt5Y_!!2200724907121.jpg','https://img.alicdn.com/imgextra/i4/2200724907121/O1CN01kzmJMM24jcFEzp5Yv_!!2200724907121.jpg,https://img.alicdn.com/imgextra/i2/2200724907121/O1CN01Z0JmYk24jcFHVHt5Y_!!2200724907121.jpg,https://img.alicdn.com/imgextra/i1/2200724907121/O1CN01h8mGXk24jcFHVHt5Y_!!2200724907121.jpg','这是第60号商品的描述','<p>这是第60号商品的详细描述</p>',1,'2025-03-24 14:01:39','2025-04-22 14:01:39','https://picsum.photos/id/20/800/800',0,51),(191,9,'时尚电脑235',385.21,249.67,48,6,'https://img.alicdn.com/imgextra/i1/2200724907121/O1CN01h8mGXk24jcFHVHt5Y_!!2200724907121.jpg','https://img.alicdn.com/imgextra/i4/2200724907121/O1CN01kzmJMM24jcFEzp5Yv_!!2200724907121.jpg,https://img.alicdn.com/imgextra/i4/2200724907121/O1CN01kzmJMM24jcFEzp5Yv_!!2200724907121.jpg,https://img.alicdn.com/imgextra/i2/2200724907121/O1CN01Z0JmYk24jcFHVHt5Y_!!2200724907121.jpg','这是第61号商品的描述','<p>这是第61号商品的详细描述</p>',1,'2025-03-26 14:01:39','2025-04-22 14:01:39','https://picsum.photos/id/21/800/800',0,618),(192,10,'时尚男装354',478.93,348.01,57,604,'https://img.alicdn.com/imgextra/i2/2200724907121/O1CN01Z0JmYk24jcFHVHt5Y_!!2200724907121.jpg','https://img.alicdn.com/imgextra/i1/2200724907121/O1CN01h8mGXk24jcFHVHt5Y_!!2200724907121.jpg,https://img.alicdn.com/imgextra/i1/2200724907121/O1CN01h8mGXk24jcFHVHt5Y_!!2200724907121.jpg,https://img.alicdn.com/imgextra/i4/2200724907121/O1CN01kzmJMM24jcFEzp5Yv_!!2200724907121.jpg','这是第62号商品的描述','<p>这是第62号商品的详细描述</p>',1,'2025-03-26 14:01:39','2025-04-22 14:01:39','https://picsum.photos/id/22/800/800',0,940),(193,18,'时尚电脑555',365.81,167.66,45,574,'https://img.alicdn.com/imgextra/i1/2200724907121/O1CN01h8mGXk24jcFHVHt5Y_!!2200724907121.jpg','https://img.alicdn.com/imgextra/i3/2200724907121/O1CN01Z0JmYk24jcFHVHt5Y_!!2200724907121.jpg,https://img.alicdn.com/imgextra/i4/2200724907121/O1CN01kzmJMM24jcFEzp5Yv_!!2200724907121.jpg,https://img.alicdn.com/imgextra/i1/2200724907121/O1CN01h8mGXk24jcFHVHt5Y_!!2200724907121.jpg','这是第63号商品的描述','<p>这是第63号商品的详细描述</p>',1,'2025-04-10 14:01:39','2025-04-22 14:01:39','https://picsum.photos/id/23/800/800',0,201),(194,15,'时尚女装440',134.81,356.73,88,948,'https://img.alicdn.com/imgextra/i4/2200724907121/O1CN01kzmJMM24jcFEzp5Yv_!!2200724907121.jpg','https://img.alicdn.com/imgextra/i1/2200724907121/O1CN01h8mGXk24jcFHVHt5Y_!!2200724907121.jpg,https://img.alicdn.com/imgextra/i1/2200724907121/O1CN01h8mGXk24jcFHVHt5Y_!!2200724907121.jpg,https://img.alicdn.com/imgextra/i4/2200724907121/O1CN01kzmJMM24jcFEzp5Yv_!!2200724907121.jpg','这是第64号商品的描述','<p>这是第64号商品的详细描述</p>',1,'2025-04-02 14:01:39','2025-04-22 14:01:39','https://picsum.photos/id/24/800/800',0,284),(195,10,'新款电脑475',472.00,1024.09,96,404,'https://img.alicdn.com/imgextra/i1/2200724907121/O1CN01h8mGXk24jcFHVHt5Y_!!2200724907121.jpg','https://img.alicdn.com/imgextra/i4/2200724907121/O1CN01kzmJMM24jcFEzp5Yv_!!2200724907121.jpg,https://img.alicdn.com/imgextra/i4/2200724907121/O1CN01kzmJMM24jcFEzp5Yv_!!2200724907121.jpg,https://img.alicdn.com/imgextra/i4/2200724907121/O1CN01kzmJMM24jcFEzp5Yv_!!2200724907121.jpg','这是第65号商品的描述','<p>这是第65号商品的详细描述</p>',1,'2025-03-30 14:01:39','2025-04-22 14:01:39','https://picsum.photos/id/25/800/800',0,653),(196,17,'高端男装769',580.70,652.74,98,505,'https://img.alicdn.com/imgextra/i1/2200724907121/O1CN01h8mGXk24jcFHVHt5Y_!!2200724907121.jpg','https://img.alicdn.com/imgextra/i3/2200724907121/O1CN01Z0JmYk24jcFHVHt5Y_!!2200724907121.jpg,https://img.alicdn.com/imgextra/i1/2200724907121/O1CN01h8mGXk24jcFHVHt5Y_!!2200724907121.jpg,https://img.alicdn.com/imgextra/i3/2200724907121/O1CN01Z0JmYk24jcFHVHt5Y_!!2200724907121.jpg','这是第66号商品的描述','<p>这是第66号商品的详细描述</p>',1,'2025-04-01 14:01:39','2025-04-22 14:01:39','https://picsum.photos/id/26/800/800',0,489),(197,9,'热销电脑344',240.89,183.32,42,250,'https://img.alicdn.com/imgextra/i1/2200724907121/O1CN01h8mGXk24jcFHVHt5Y_!!2200724907121.jpg','https://img.alicdn.com/imgextra/i4/2200724907121/O1CN01kzmJMM24jcFEzp5Yv_!!2200724907121.jpg,https://img.alicdn.com/imgextra/i4/2200724907121/O1CN01kzmJMM24jcFEzp5Yv_!!2200724907121.jpg,https://img.alicdn.com/imgextra/i1/2200724907121/O1CN01h8mGXk24jcFHVHt5Y_!!2200724907121.jpg','这是第67号商品的描述','<p>这是第67号商品的详细描述</p>',1,'2025-04-12 14:01:39','2025-04-22 14:01:39','https://picsum.photos/id/27/800/800',0,280),(198,10,'热销手机319',715.78,782.47,67,660,'https://img.alicdn.com/imgextra/i2/2200724907121/O1CN01Z0JmYk24jcFHVHt5Y_!!2200724907121.jpg','https://img.alicdn.com/imgextra/i4/2200724907121/O1CN01kzmJMM24jcFEzp5Yv_!!2200724907121.jpg,https://img.alicdn.com/imgextra/i4/2200724907121/O1CN01kzmJMM24jcFEzp5Yv_!!2200724907121.jpg,https://img.alicdn.com/imgextra/i2/2200724907121/O1CN01Z0JmYk24jcFHVHt5Y_!!2200724907121.jpg','这是第68号商品的描述','<p>这是第68号商品的详细描述</p>',1,'2025-04-18 14:01:39','2025-04-22 14:01:39','https://picsum.photos/id/28/800/800',0,723),(199,8,'新款电脑445',535.92,360.82,8,401,'https://img.alicdn.com/imgextra/i3/2200724907121/O1CN01Z0JmYk24jcFHVHt5Y_!!2200724907121.jpg','https://img.alicdn.com/imgextra/i1/2200724907121/O1CN01h8mGXk24jcFHVHt5Y_!!2200724907121.jpg,https://img.alicdn.com/imgextra/i4/2200724907121/O1CN01kzmJMM24jcFEzp5Yv_!!2200724907121.jpg,https://img.alicdn.com/imgextra/i1/2200724907121/O1CN01h8mGXk24jcFHVHt5Y_!!2200724907121.jpg','这是第69号商品的描述','<p>这是第69号商品的详细描述</p>',1,'2025-04-12 14:01:39','2025-04-22 14:01:39','https://picsum.photos/id/29/800/800',0,105),(200,12,'精品电脑855',421.89,602.03,3,250,'https://img.alicdn.com/imgextra/i1/2200724907121/O1CN01h8mGXk24jcFHVHt5Y_!!2200724907121.jpg','https://img.alicdn.com/imgextra/i1/2200724907121/O1CN01h8mGXk24jcFHVHt5Y_!!2200724907121.jpg,https://img.alicdn.com/imgextra/i1/2200724907121/O1CN01h8mGXk24jcFHVHt5Y_!!2200724907121.jpg,https://img.alicdn.com/imgextra/i2/2200724907121/O1CN01Z0JmYk24jcFHVHt5Y_!!2200724907121.jpg','这是第70号商品的描述','<p>这是第70号商品的详细描述</p>',1,'2025-04-06 14:01:39','2025-04-22 14:01:39','https://picsum.photos/id/20/800/800',0,26),(201,12,'高端手机489',135.80,208.64,76,468,'https://img.alicdn.com/imgextra/i4/2200724907121/O1CN01kzmJMM24jcFEzp5Yv_!!2200724907121.jpg','https://img.alicdn.com/imgextra/i4/2200724907121/O1CN01kzmJMM24jcFEzp5Yv_!!2200724907121.jpg,https://img.alicdn.com/imgextra/i1/2200724907121/O1CN01h8mGXk24jcFHVHt5Y_!!2200724907121.jpg,https://img.alicdn.com/imgextra/i3/2200724907121/O1CN01Z0JmYk24jcFHVHt5Y_!!2200724907121.jpg','这是第71号商品的描述','<p>这是第71号商品的详细描述</p>',1,'2025-03-24 14:01:39','2025-04-22 14:01:39','https://picsum.photos/id/21/800/800',0,725),(202,15,'高端电脑294',758.44,1024.08,36,191,'https://img.alicdn.com/imgextra/i4/2200724907121/O1CN01kzmJMM24jcFEzp5Yv_!!2200724907121.jpg','https://img.alicdn.com/imgextra/i3/2200724907121/O1CN01Z0JmYk24jcFHVHt5Y_!!2200724907121.jpg,https://img.alicdn.com/imgextra/i1/2200724907121/O1CN01h8mGXk24jcFHVHt5Y_!!2200724907121.jpg,https://img.alicdn.com/imgextra/i4/2200724907121/O1CN01kzmJMM24jcFEzp5Yv_!!2200724907121.jpg','这是第72号商品的描述','<p>这是第72号商品的详细描述</p>',1,'2025-04-02 14:01:39','2025-04-22 14:01:39','https://picsum.photos/id/22/800/800',0,175),(203,16,'高端童装771',325.70,342.07,38,597,'https://img.alicdn.com/imgextra/i4/2200724907121/O1CN01kzmJMM24jcFEzp5Yv_!!2200724907121.jpg','https://img.alicdn.com/imgextra/i3/2200724907121/O1CN01Z0JmYk24jcFHVHt5Y_!!2200724907121.jpg,https://img.alicdn.com/imgextra/i2/2200724907121/O1CN01Z0JmYk24jcFHVHt5Y_!!2200724907121.jpg,https://img.alicdn.com/imgextra/i1/2200724907121/O1CN01h8mGXk24jcFHVHt5Y_!!2200724907121.jpg','这是第73号商品的描述','<p>这是第73号商品的详细描述</p>',1,'2025-04-22 14:01:39','2025-04-22 14:01:39','https://picsum.photos/id/23/800/800',0,637),(204,7,'热销手机782',972.30,637.23,71,601,'https://img.alicdn.com/imgextra/i4/2200724907121/O1CN01kzmJMM24jcFEzp5Yv_!!2200724907121.jpg','https://img.alicdn.com/imgextra/i1/2200724907121/O1CN01h8mGXk24jcFHVHt5Y_!!2200724907121.jpg,https://img.alicdn.com/imgextra/i2/2200724907121/O1CN01Z0JmYk24jcFHVHt5Y_!!2200724907121.jpg,https://img.alicdn.com/imgextra/i1/2200724907121/O1CN01h8mGXk24jcFHVHt5Y_!!2200724907121.jpg','这是第74号商品的描述','<p>这是第74号商品的详细描述</p>',1,'2025-03-26 14:01:39','2025-04-22 14:01:39','https://picsum.photos/id/24/800/800',0,999),(205,9,'时尚男装48',926.89,601.93,76,914,'https://img.alicdn.com/imgextra/i2/2200724907121/O1CN01Z0JmYk24jcFHVHt5Y_!!2200724907121.jpg','https://img.alicdn.com/imgextra/i1/2200724907121/O1CN01h8mGXk24jcFHVHt5Y_!!2200724907121.jpg,https://img.alicdn.com/imgextra/i1/2200724907121/O1CN01h8mGXk24jcFHVHt5Y_!!2200724907121.jpg,https://img.alicdn.com/imgextra/i3/2200724907121/O1CN01Z0JmYk24jcFHVHt5Y_!!2200724907121.jpg','这是第75号商品的描述','<p>这是第75号商品的详细描述</p>',1,'2025-04-04 14:01:39','2025-04-22 14:01:39','https://picsum.photos/id/25/800/800',0,745),(206,17,'时尚手机738',319.79,447.70,97,461,'https://img.alicdn.com/imgextra/i3/2200724907121/O1CN01Z0JmYk24jcFHVHt5Y_!!2200724907121.jpg','https://img.alicdn.com/imgextra/i1/2200724907121/O1CN01h8mGXk24jcFHVHt5Y_!!2200724907121.jpg,https://img.alicdn.com/imgextra/i1/2200724907121/O1CN01h8mGXk24jcFHVHt5Y_!!2200724907121.jpg,https://img.alicdn.com/imgextra/i4/2200724907121/O1CN01kzmJMM24jcFEzp5Yv_!!2200724907121.jpg','这是第76号商品的描述','<p>这是第76号商品的详细描述</p>',1,'2025-04-05 14:01:39','2025-04-22 14:01:39','https://picsum.photos/id/26/800/800',0,824),(207,10,'精品手机254',295.90,823.85,62,510,'https://img.alicdn.com/imgextra/i2/2200724907121/O1CN01Z0JmYk24jcFHVHt5Y_!!2200724907121.jpg','https://img.alicdn.com/imgextra/i1/2200724907121/O1CN01h8mGXk24jcFHVHt5Y_!!2200724907121.jpg,https://img.alicdn.com/imgextra/i4/2200724907121/O1CN01kzmJMM24jcFEzp5Yv_!!2200724907121.jpg,https://img.alicdn.com/imgextra/i1/2200724907121/O1CN01h8mGXk24jcFHVHt5Y_!!2200724907121.jpg','这是第77号商品的描述','<p>这是第77号商品的详细描述</p>',1,'2025-04-05 14:01:39','2025-04-22 14:01:39','https://picsum.photos/id/27/800/800',0,188),(208,8,'精品童装298',738.53,975.64,19,857,'https://img.alicdn.com/imgextra/i2/2200724907121/O1CN01Z0JmYk24jcFHVHt5Y_!!2200724907121.jpg','https://img.alicdn.com/imgextra/i1/2200724907121/O1CN01h8mGXk24jcFHVHt5Y_!!2200724907121.jpg,https://img.alicdn.com/imgextra/i4/2200724907121/O1CN01kzmJMM24jcFEzp5Yv_!!2200724907121.jpg,https://img.alicdn.com/imgextra/i1/2200724907121/O1CN01h8mGXk24jcFHVHt5Y_!!2200724907121.jpg','这是第78号商品的描述','<p>这是第78号商品的详细描述</p>',1,'2025-04-14 14:01:39','2025-04-22 14:01:39','https://picsum.photos/id/28/800/800',0,818),(209,9,'热销女装249',225.09,382.53,18,824,'https://img.alicdn.com/imgextra/i1/2200724907121/O1CN01h8mGXk24jcFHVHt5Y_!!2200724907121.jpg','https://img.alicdn.com/imgextra/i2/2200724907121/O1CN01Z0JmYk24jcFHVHt5Y_!!2200724907121.jpg,https://img.alicdn.com/imgextra/i4/2200724907121/O1CN01kzmJMM24jcFEzp5Yv_!!2200724907121.jpg,https://img.alicdn.com/imgextra/i2/2200724907121/O1CN01Z0JmYk24jcFHVHt5Y_!!2200724907121.jpg','这是第79号商品的描述','<p>这是第79号商品的详细描述</p>',1,'2025-04-05 14:01:39','2025-04-22 14:01:39','https://picsum.photos/id/29/800/800',0,251),(210,12,'热销男装305',486.38,641.45,52,641,'https://img.alicdn.com/imgextra/i2/2200724907121/O1CN01Z0JmYk24jcFHVHt5Y_!!2200724907121.jpg','https://img.alicdn.com/imgextra/i1/2200724907121/O1CN01h8mGXk24jcFHVHt5Y_!!2200724907121.jpg,https://img.alicdn.com/imgextra/i1/2200724907121/O1CN01h8mGXk24jcFHVHt5Y_!!2200724907121.jpg,https://img.alicdn.com/imgextra/i1/2200724907121/O1CN01h8mGXk24jcFHVHt5Y_!!2200724907121.jpg','这是第80号商品的描述','<p>这是第80号商品的详细描述</p>',1,'2025-04-04 14:01:39','2025-04-22 14:01:39','https://picsum.photos/id/20/800/800',0,130),(211,16,'高端女装696',734.22,701.18,49,559,'https://img.alicdn.com/imgextra/i3/2200724907121/O1CN01Z0JmYk24jcFHVHt5Y_!!2200724907121.jpg','https://img.alicdn.com/imgextra/i4/2200724907121/O1CN01kzmJMM24jcFEzp5Yv_!!2200724907121.jpg,https://img.alicdn.com/imgextra/i4/2200724907121/O1CN01kzmJMM24jcFEzp5Yv_!!2200724907121.jpg,https://img.alicdn.com/imgextra/i1/2200724907121/O1CN01h8mGXk24jcFHVHt5Y_!!2200724907121.jpg','这是第81号商品的描述','<p>这是第81号商品的详细描述</p>',1,'2025-04-04 14:01:39','2025-04-22 14:01:39','https://picsum.photos/id/21/800/800',0,320),(212,15,'新款手机15',65.99,269.04,35,725,'https://img.alicdn.com/imgextra/i1/2200724907121/O1CN01h8mGXk24jcFHVHt5Y_!!2200724907121.jpg','https://img.alicdn.com/imgextra/i2/2200724907121/O1CN01Z0JmYk24jcFHVHt5Y_!!2200724907121.jpg,https://img.alicdn.com/imgextra/i2/2200724907121/O1CN01Z0JmYk24jcFHVHt5Y_!!2200724907121.jpg,https://img.alicdn.com/imgextra/i2/2200724907121/O1CN01Z0JmYk24jcFHVHt5Y_!!2200724907121.jpg','这是第82号商品的描述','<p>这是第82号商品的详细描述</p>',1,'2025-04-13 14:01:39','2025-04-22 14:01:39','https://picsum.photos/id/22/800/800',0,746),(213,16,'热销男装433',92.57,145.68,30,524,'https://img.alicdn.com/imgextra/i3/2200724907121/O1CN01Z0JmYk24jcFHVHt5Y_!!2200724907121.jpg','https://img.alicdn.com/imgextra/i1/2200724907121/O1CN01h8mGXk24jcFHVHt5Y_!!2200724907121.jpg,https://img.alicdn.com/imgextra/i3/2200724907121/O1CN01Z0JmYk24jcFHVHt5Y_!!2200724907121.jpg,https://img.alicdn.com/imgextra/i1/2200724907121/O1CN01h8mGXk24jcFHVHt5Y_!!2200724907121.jpg','这是第83号商品的描述','<p>这是第83号商品的详细描述</p>',1,'2025-04-06 14:01:39','2025-04-22 14:01:39','https://picsum.photos/id/23/800/800',0,855),(214,13,'精品女装846',614.18,642.67,9,292,'https://img.alicdn.com/imgextra/i1/2200724907121/O1CN01h8mGXk24jcFHVHt5Y_!!2200724907121.jpg','https://img.alicdn.com/imgextra/i4/2200724907121/O1CN01kzmJMM24jcFEzp5Yv_!!2200724907121.jpg,https://img.alicdn.com/imgextra/i1/2200724907121/O1CN01h8mGXk24jcFHVHt5Y_!!2200724907121.jpg,https://img.alicdn.com/imgextra/i4/2200724907121/O1CN01kzmJMM24jcFEzp5Yv_!!2200724907121.jpg','这是第84号商品的描述','<p>这是第84号商品的详细描述</p>',1,'2025-04-12 14:01:39','2025-04-22 14:01:39','https://picsum.photos/id/24/800/800',0,355),(215,14,'精品电脑953',325.53,912.63,33,555,'https://img.alicdn.com/imgextra/i3/2200724907121/O1CN01Z0JmYk24jcFHVHt5Y_!!2200724907121.jpg','https://img.alicdn.com/imgextra/i2/2200724907121/O1CN01Z0JmYk24jcFHVHt5Y_!!2200724907121.jpg,https://img.alicdn.com/imgextra/i2/2200724907121/O1CN01Z0JmYk24jcFHVHt5Y_!!2200724907121.jpg,https://img.alicdn.com/imgextra/i4/2200724907121/O1CN01kzmJMM24jcFEzp5Yv_!!2200724907121.jpg','这是第85号商品的描述','<p>这是第85号商品的详细描述</p>',1,'2025-04-15 14:01:39','2025-04-22 14:01:39','https://picsum.photos/id/25/800/800',0,697),(216,15,'高端电脑652',326.15,738.43,28,687,'https://img.alicdn.com/imgextra/i1/2200724907121/O1CN01h8mGXk24jcFHVHt5Y_!!2200724907121.jpg','https://img.alicdn.com/imgextra/i4/2200724907121/O1CN01kzmJMM24jcFEzp5Yv_!!2200724907121.jpg,https://img.alicdn.com/imgextra/i3/2200724907121/O1CN01Z0JmYk24jcFHVHt5Y_!!2200724907121.jpg,https://img.alicdn.com/imgextra/i4/2200724907121/O1CN01kzmJMM24jcFEzp5Yv_!!2200724907121.jpg','这是第86号商品的描述','<p>这是第86号商品的详细描述</p>',1,'2025-03-24 14:01:39','2025-04-22 14:01:39','https://picsum.photos/id/26/800/800',0,489),(217,12,'热销女装386',221.19,1164.18,78,213,'https://img.alicdn.com/imgextra/i3/2200724907121/O1CN01Z0JmYk24jcFHVHt5Y_!!2200724907121.jpg','https://img.alicdn.com/imgextra/i1/2200724907121/O1CN01h8mGXk24jcFHVHt5Y_!!2200724907121.jpg,https://img.alicdn.com/imgextra/i1/2200724907121/O1CN01h8mGXk24jcFHVHt5Y_!!2200724907121.jpg,https://img.alicdn.com/imgextra/i4/2200724907121/O1CN01kzmJMM24jcFEzp5Yv_!!2200724907121.jpg','这是第87号商品的描述','<p>这是第87号商品的详细描述</p>',1,'2025-04-06 14:01:39','2025-04-22 14:01:39','https://picsum.photos/id/27/800/800',0,523),(218,6,'高端女装794',298.93,100.61,26,827,'https://img.alicdn.com/imgextra/i3/2200724907121/O1CN01Z0JmYk24jcFHVHt5Y_!!2200724907121.jpg','https://img.alicdn.com/imgextra/i2/2200724907121/O1CN01Z0JmYk24jcFHVHt5Y_!!2200724907121.jpg,https://img.alicdn.com/imgextra/i1/2200724907121/O1CN01h8mGXk24jcFHVHt5Y_!!2200724907121.jpg,https://img.alicdn.com/imgextra/i2/2200724907121/O1CN01Z0JmYk24jcFHVHt5Y_!!2200724907121.jpg','这是第88号商品的描述','<p>这是第88号商品的详细描述</p>',1,'2025-04-08 14:01:39','2025-04-22 14:01:39','https://picsum.photos/id/28/800/800',0,777),(219,11,'热销男装953',395.28,108.87,4,425,'https://img.alicdn.com/imgextra/i4/2200724907121/O1CN01kzmJMM24jcFEzp5Yv_!!2200724907121.jpg','https://img.alicdn.com/imgextra/i3/2200724907121/O1CN01Z0JmYk24jcFHVHt5Y_!!2200724907121.jpg,https://img.alicdn.com/imgextra/i3/2200724907121/O1CN01Z0JmYk24jcFHVHt5Y_!!2200724907121.jpg,https://img.alicdn.com/imgextra/i3/2200724907121/O1CN01Z0JmYk24jcFHVHt5Y_!!2200724907121.jpg','这是第89号商品的描述','<p>这是第89号商品的详细描述</p>',1,'2025-04-10 14:01:39','2025-04-22 14:01:39','https://picsum.photos/id/29/800/800',0,200),(220,15,'时尚电脑386',290.09,311.05,36,551,'https://img.alicdn.com/imgextra/i2/2200724907121/O1CN01Z0JmYk24jcFHVHt5Y_!!2200724907121.jpg','https://img.alicdn.com/imgextra/i2/2200724907121/O1CN01Z0JmYk24jcFHVHt5Y_!!2200724907121.jpg,https://img.alicdn.com/imgextra/i2/2200724907121/O1CN01Z0JmYk24jcFHVHt5Y_!!2200724907121.jpg,https://img.alicdn.com/imgextra/i3/2200724907121/O1CN01Z0JmYk24jcFHVHt5Y_!!2200724907121.jpg','这是第90号商品的描述','<p>这是第90号商品的详细描述</p>',1,'2025-03-31 14:01:39','2025-04-22 14:01:39','https://picsum.photos/id/20/800/800',0,924),(221,10,'热销女装913',685.60,782.78,52,682,'https://img.alicdn.com/imgextra/i4/2200724907121/O1CN01kzmJMM24jcFEzp5Yv_!!2200724907121.jpg','https://img.alicdn.com/imgextra/i2/2200724907121/O1CN01Z0JmYk24jcFHVHt5Y_!!2200724907121.jpg,https://img.alicdn.com/imgextra/i4/2200724907121/O1CN01kzmJMM24jcFEzp5Yv_!!2200724907121.jpg,https://img.alicdn.com/imgextra/i2/2200724907121/O1CN01Z0JmYk24jcFHVHt5Y_!!2200724907121.jpg','这是第91号商品的描述','<p>这是第91号商品的详细描述</p>',1,'2025-04-21 14:01:39','2025-04-22 14:01:39','https://picsum.photos/id/21/800/800',0,175),(222,15,'时尚手机927',554.41,1098.26,0,496,'https://img.alicdn.com/imgextra/i4/2200724907121/O1CN01kzmJMM24jcFEzp5Yv_!!2200724907121.jpg','https://img.alicdn.com/imgextra/i3/2200724907121/O1CN01Z0JmYk24jcFHVHt5Y_!!2200724907121.jpg,https://img.alicdn.com/imgextra/i1/2200724907121/O1CN01h8mGXk24jcFHVHt5Y_!!2200724907121.jpg,https://img.alicdn.com/imgextra/i1/2200724907121/O1CN01h8mGXk24jcFHVHt5Y_!!2200724907121.jpg','这是第92号商品的描述','<p>这是第92号商品的详细描述</p>',1,'2025-04-17 14:01:39','2025-04-22 14:01:39','https://picsum.photos/id/22/800/800',0,108),(223,6,'新款手机984',21.32,132.85,7,951,'https://img.alicdn.com/imgextra/i1/2200724907121/O1CN01h8mGXk24jcFHVHt5Y_!!2200724907121.jpg','https://img.alicdn.com/imgextra/i3/2200724907121/O1CN01Z0JmYk24jcFHVHt5Y_!!2200724907121.jpg,https://img.alicdn.com/imgextra/i3/2200724907121/O1CN01Z0JmYk24jcFHVHt5Y_!!2200724907121.jpg,https://img.alicdn.com/imgextra/i3/2200724907121/O1CN01Z0JmYk24jcFHVHt5Y_!!2200724907121.jpg','这是第93号商品的描述','<p>这是第93号商品的详细描述</p>',1,'2025-03-30 14:01:39','2025-04-22 14:01:39','https://picsum.photos/id/23/800/800',0,862),(224,18,'时尚手机270',207.15,222.44,3,242,'https://img.alicdn.com/imgextra/i4/2200724907121/O1CN01kzmJMM24jcFEzp5Yv_!!2200724907121.jpg','https://img.alicdn.com/imgextra/i3/2200724907121/O1CN01Z0JmYk24jcFHVHt5Y_!!2200724907121.jpg,https://img.alicdn.com/imgextra/i4/2200724907121/O1CN01kzmJMM24jcFEzp5Yv_!!2200724907121.jpg,https://img.alicdn.com/imgextra/i1/2200724907121/O1CN01h8mGXk24jcFHVHt5Y_!!2200724907121.jpg','这是第94号商品的描述','<p>这是第94号商品的详细描述</p>',1,'2025-04-05 14:01:39','2025-04-22 14:01:39','https://picsum.photos/id/24/800/800',0,969),(225,7,'高端童装201',256.76,772.01,41,653,'https://img.alicdn.com/imgextra/i4/2200724907121/O1CN01kzmJMM24jcFEzp5Yv_!!2200724907121.jpg','https://img.alicdn.com/imgextra/i1/2200724907121/O1CN01h8mGXk24jcFHVHt5Y_!!2200724907121.jpg,https://img.alicdn.com/imgextra/i4/2200724907121/O1CN01kzmJMM24jcFEzp5Yv_!!2200724907121.jpg,https://img.alicdn.com/imgextra/i4/2200724907121/O1CN01kzmJMM24jcFEzp5Yv_!!2200724907121.jpg','这是第95号商品的描述','<p>这是第95号商品的详细描述</p>',1,'2025-04-11 14:01:39','2025-04-22 14:01:39','https://picsum.photos/id/25/800/800',0,541),(226,12,'时尚手机111',603.24,796.75,53,168,'https://img.alicdn.com/imgextra/i2/2200724907121/O1CN01Z0JmYk24jcFHVHt5Y_!!2200724907121.jpg','https://img.alicdn.com/imgextra/i2/2200724907121/O1CN01Z0JmYk24jcFHVHt5Y_!!2200724907121.jpg,https://img.alicdn.com/imgextra/i2/2200724907121/O1CN01Z0JmYk24jcFHVHt5Y_!!2200724907121.jpg,https://img.alicdn.com/imgextra/i4/2200724907121/O1CN01kzmJMM24jcFEzp5Yv_!!2200724907121.jpg','这是第96号商品的描述','<p>这是第96号商品的详细描述</p>',1,'2025-03-24 14:01:39','2025-04-22 14:01:39','https://picsum.photos/id/26/800/800',0,755),(227,16,'新款手机828',946.37,293.83,14,612,'https://img.alicdn.com/imgextra/i2/2200724907121/O1CN01Z0JmYk24jcFHVHt5Y_!!2200724907121.jpg','https://img.alicdn.com/imgextra/i2/2200724907121/O1CN01Z0JmYk24jcFHVHt5Y_!!2200724907121.jpg,https://img.alicdn.com/imgextra/i4/2200724907121/O1CN01kzmJMM24jcFEzp5Yv_!!2200724907121.jpg,https://img.alicdn.com/imgextra/i4/2200724907121/O1CN01kzmJMM24jcFEzp5Yv_!!2200724907121.jpg','这是第97号商品的描述','<p>这是第97号商品的详细描述</p>',1,'2025-04-19 14:01:39','2025-04-22 14:01:39','https://picsum.photos/id/27/800/800',0,27),(228,16,'时尚电脑945',254.49,465.62,6,576,'https://img.alicdn.com/imgextra/i2/2200724907121/O1CN01Z0JmYk24jcFHVHt5Y_!!2200724907121.jpg','https://img.alicdn.com/imgextra/i2/2200724907121/O1CN01Z0JmYk24jcFHVHt5Y_!!2200724907121.jpg,https://img.alicdn.com/imgextra/i3/2200724907121/O1CN01Z0JmYk24jcFHVHt5Y_!!2200724907121.jpg,https://img.alicdn.com/imgextra/i2/2200724907121/O1CN01Z0JmYk24jcFHVHt5Y_!!2200724907121.jpg','这是第98号商品的描述','<p>这是第98号商品的详细描述</p>',1,'2025-04-19 14:01:39','2025-04-22 14:01:39','https://picsum.photos/id/28/800/800',0,741),(229,10,'高端童装617',840.68,396.10,92,61,'https://img.alicdn.com/imgextra/i1/2200724907121/O1CN01h8mGXk24jcFHVHt5Y_!!2200724907121.jpg','https://img.alicdn.com/imgextra/i4/2200724907121/O1CN01kzmJMM24jcFEzp5Yv_!!2200724907121.jpg,https://img.alicdn.com/imgextra/i2/2200724907121/O1CN01Z0JmYk24jcFHVHt5Y_!!2200724907121.jpg,https://img.alicdn.com/imgextra/i4/2200724907121/O1CN01kzmJMM24jcFEzp5Yv_!!2200724907121.jpg','这是第99号商品的描述','<p>这是第99号商品的详细描述</p>',1,'2025-04-20 14:01:39','2025-04-22 14:01:39','https://picsum.photos/id/29/800/800',0,367),(230,13,'新款男装448',779.62,639.47,22,11,'https://img.alicdn.com/imgextra/i3/2200724907121/O1CN01Z0JmYk24jcFHVHt5Y_!!2200724907121.jpg','https://img.alicdn.com/imgextra/i4/2200724907121/O1CN01kzmJMM24jcFEzp5Yv_!!2200724907121.jpg,https://img.alicdn.com/imgextra/i3/2200724907121/O1CN01Z0JmYk24jcFHVHt5Y_!!2200724907121.jpg,https://img.alicdn.com/imgextra/i1/2200724907121/O1CN01h8mGXk24jcFHVHt5Y_!!2200724907121.jpg','这是第100号商品的描述','<p>这是第100号商品的详细描述</p>',1,'2025-03-29 14:01:39','2025-04-22 14:01:39','https://picsum.photos/id/20/800/800',0,246),(258,15,'热销手机684',230.33,82.99,94,853,'https://picsum.photos/id/1001/800/800','https://picsum.photos/id/1003/800/800,https://picsum.photos/id/1004/800/800,https://picsum.photos/id/1005/800/800','这是第1号商品的描述','<p>这是第1号商品的详细描述</p>',1,'2025-04-15 14:03:22','2025-04-22 14:03:22','https://picsum.photos/id/28/800/800',1,509),(259,16,'新款手机408',71.58,107.73,93,944,'https://picsum.photos/id/1006/800/800','https://picsum.photos/id/1005/800/800,https://picsum.photos/id/100/800/800,https://picsum.photos/id/1006/800/800','这是第2号商品的描述','<p>这是第2号商品的详细描述</p>',1,'2025-04-19 14:03:22','2025-04-22 14:03:22','https://picsum.photos/id/29/800/800',1,583),(260,13,'时尚电脑16',461.53,301.90,26,956,'https://picsum.photos/id/1006/800/800','https://picsum.photos/id/1/800/800,https://picsum.photos/id/100/800/800,https://picsum.photos/id/100/800/800','这是第3号商品的描述','<p>这是第3号商品的详细描述</p>',1,'2025-04-04 14:03:22','2025-04-22 14:48:08','https://picsum.photos/id/20/800/800',0,149),(261,18,'时尚男装269',846.40,508.30,45,658,'https://picsum.photos/id/1006/800/800','https://picsum.photos/id/1003/800/800,https://picsum.photos/id/1001/800/800,https://picsum.photos/id/100/800/800','这是第4号商品的描述','<p>这是第4号商品的详细描述</p>',1,'2025-03-24 14:03:22','2025-04-22 14:48:15','https://picsum.photos/id/21/800/800',0,210),(262,6,'新款男装186',876.31,975.31,84,827,'https://picsum.photos/id/1003/800/800','https://picsum.photos/id/1002/800/800,https://picsum.photos/id/10/800/800,https://picsum.photos/id/1006/800/800','这是第5号商品的描述','<p>这是第5号商品的详细描述</p>',1,'2025-04-15 14:03:22','2025-04-22 14:03:22','https://picsum.photos/id/22/800/800',1,499),(263,15,'时尚电脑638',404.73,98.00,71,990,'https://picsum.photos/id/1005/800/800','https://picsum.photos/id/10/800/800,https://picsum.photos/id/10/800/800,https://picsum.photos/id/1002/800/800','这是第6号商品的描述','<p>这是第6号商品的详细描述</p>',1,'2025-04-11 14:03:22','2025-04-22 14:03:22','https://picsum.photos/id/23/800/800',1,70),(264,9,'时尚女装622',124.66,814.05,89,856,'https://picsum.photos/id/1002/800/800','https://picsum.photos/id/1001/800/800,https://picsum.photos/id/1000/800/800,https://picsum.photos/id/1001/800/800','这是第7号商品的描述','<p>这是第7号商品的详细描述</p>',1,'2025-04-22 14:03:22','2025-04-22 14:03:22','https://picsum.photos/id/24/800/800',1,867),(265,9,'热销女装46',308.33,481.79,57,69,'https://picsum.photos/id/1003/800/800','https://picsum.photos/id/1005/800/800,https://picsum.photos/id/1003/800/800,https://picsum.photos/id/1000/800/800','这是第8号商品的描述','<p>这是第8号商品的详细描述</p>',1,'2025-03-26 14:03:22','2025-04-22 14:48:08','https://picsum.photos/id/25/800/800',0,529),(266,17,'热销男装379',755.00,796.46,41,494,'https://picsum.photos/id/100/800/800','https://picsum.photos/id/1003/800/800,https://picsum.photos/id/1004/800/800,https://picsum.photos/id/1004/800/800','这是第9号商品的描述','<p>这是第9号商品的详细描述</p>',1,'2025-04-06 14:03:22','2025-04-22 14:47:49','https://picsum.photos/id/26/800/800',0,439),(267,13,'精品女装230',339.18,1236.97,39,383,'https://picsum.photos/id/1004/800/800','https://picsum.photos/id/1002/800/800,https://picsum.photos/id/1001/800/800,https://picsum.photos/id/1004/800/800','这是第10号商品的描述','<p>这是第10号商品的详细描述</p>',1,'2025-04-15 14:03:22','2025-04-22 14:03:22','https://picsum.photos/id/27/800/800',1,103),(268,15,'精品手机9',194.50,1164.87,4,384,'https://picsum.photos/id/1004/800/800','https://picsum.photos/id/1004/800/800,https://picsum.photos/id/1000/800/800,https://picsum.photos/id/1003/800/800','这是第11号商品的描述','<p>这是第11号商品的详细描述</p>',1,'2025-03-24 14:03:22','2025-04-22 14:03:22','https://picsum.photos/id/28/800/800',0,104),(269,13,'高端童装879',136.61,14.19,11,711,'https://picsum.photos/id/100/800/800','https://picsum.photos/id/1006/800/800,https://picsum.photos/id/1006/800/800,https://picsum.photos/id/1005/800/800','这是第12号商品的描述','<p>这是第12号商品的详细描述</p>',1,'2025-04-10 14:03:22','2025-04-22 14:03:22','https://picsum.photos/id/29/800/800',0,534),(270,12,'新款男装817',511.17,111.84,13,48,'https://picsum.photos/id/1005/800/800','https://picsum.photos/id/1/800/800,https://picsum.photos/id/1004/800/800,https://picsum.photos/id/1002/800/800','这是第13号商品的描述','<p>这是第13号商品的详细描述</p>',1,'2025-04-09 14:03:22','2025-04-22 14:03:22','https://picsum.photos/id/20/800/800',0,631),(271,16,'精品手机654',275.38,427.81,27,127,'https://picsum.photos/id/1005/800/800','https://picsum.photos/id/1003/800/800,https://picsum.photos/id/1/800/800,https://picsum.photos/id/1006/800/800','这是第14号商品的描述','<p>这是第14号商品的详细描述</p>',1,'2025-03-27 14:03:22','2025-04-22 14:03:22','https://picsum.photos/id/21/800/800',0,512),(272,17,'热销手机853',204.22,511.66,29,935,'https://picsum.photos/id/1004/800/800','https://picsum.photos/id/10/800/800,https://picsum.photos/id/1002/800/800,https://picsum.photos/id/1/800/800','这是第15号商品的描述','<p>这是第15号商品的详细描述</p>',1,'2025-03-27 14:03:22','2025-04-22 14:03:22','https://picsum.photos/id/22/800/800',0,152),(273,7,'时尚电脑310',902.35,657.70,13,175,'https://picsum.photos/id/1001/800/800','https://picsum.photos/id/1004/800/800,https://picsum.photos/id/1001/800/800,https://picsum.photos/id/1/800/800','这是第16号商品的描述','<p>这是第16号商品的详细描述</p>',1,'2025-04-01 14:03:22','2025-04-22 14:03:22','https://picsum.photos/id/23/800/800',0,519),(274,11,'新款男装123',533.53,354.55,11,195,'https://picsum.photos/id/1003/800/800','https://picsum.photos/id/1003/800/800,https://picsum.photos/id/100/800/800,https://picsum.photos/id/1000/800/800','这是第17号商品的描述','<p>这是第17号商品的详细描述</p>',1,'2025-03-27 14:03:22','2025-04-22 14:03:22','https://picsum.photos/id/24/800/800',0,403),(275,11,'新款手机829',288.23,1143.47,93,463,'https://picsum.photos/id/1002/800/800','https://picsum.photos/id/10/800/800,https://picsum.photos/id/1000/800/800,https://picsum.photos/id/1000/800/800','这是第18号商品的描述','<p>这是第18号商品的详细描述</p>',1,'2025-04-07 14:03:22','2025-04-22 14:03:22','https://picsum.photos/id/25/800/800',0,653),(276,14,'高端男装76',189.96,868.74,23,624,'https://picsum.photos/id/1001/800/800','https://picsum.photos/id/10/800/800,https://picsum.photos/id/1002/800/800,https://picsum.photos/id/1000/800/800','这是第19号商品的描述','<p>这是第19号商品的详细描述</p>',1,'2025-04-20 14:03:22','2025-04-22 14:03:22','https://picsum.photos/id/26/800/800',0,315),(277,10,'热销男装704',431.94,35.06,0,576,'https://picsum.photos/id/1005/800/800','https://picsum.photos/id/1003/800/800,https://picsum.photos/id/1003/800/800,https://picsum.photos/id/1/800/800','这是第20号商品的描述','<p>这是第20号商品的详细描述</p>',1,'2025-04-06 14:03:22','2025-04-22 14:03:22','https://picsum.photos/id/27/800/800',0,605),(278,10,'热销男装341',215.10,24.94,13,383,'https://picsum.photos/id/1002/800/800','https://picsum.photos/id/1000/800/800,https://picsum.photos/id/1000/800/800,https://picsum.photos/id/1003/800/800','这是第21号商品的描述','<p>这是第21号商品的详细描述</p>',1,'2025-03-24 14:03:22','2025-04-22 14:03:22','https://picsum.photos/id/28/800/800',0,62),(279,11,'新款手机499',177.88,409.49,15,66,'https://picsum.photos/id/1005/800/800','https://picsum.photos/id/1/800/800,https://picsum.photos/id/1005/800/800,https://picsum.photos/id/10/800/800','这是第22号商品的描述','<p>这是第22号商品的详细描述</p>',1,'2025-04-16 14:03:22','2025-04-22 14:03:22','https://picsum.photos/id/29/800/800',0,600),(280,10,'新款电脑366',24.82,1232.82,20,557,'https://picsum.photos/id/10/800/800','https://picsum.photos/id/10/800/800,https://picsum.photos/id/100/800/800,https://picsum.photos/id/1006/800/800','这是第23号商品的描述','<p>这是第23号商品的详细描述</p>',1,'2025-03-26 14:03:22','2025-04-22 14:03:22','https://picsum.photos/id/20/800/800',0,653),(281,13,'热销手机509',692.44,1106.38,85,703,'https://picsum.photos/id/1006/800/800','https://picsum.photos/id/1003/800/800,https://picsum.photos/id/1001/800/800,https://picsum.photos/id/1000/800/800','这是第24号商品的描述','<p>这是第24号商品的详细描述</p>',1,'2025-04-14 14:03:22','2025-04-22 14:03:22','https://picsum.photos/id/21/800/800',0,368),(282,6,'热销电脑440',563.99,599.46,11,431,'https://picsum.photos/id/1005/800/800','https://picsum.photos/id/1005/800/800,https://picsum.photos/id/1003/800/800,https://picsum.photos/id/1004/800/800','这是第25号商品的描述','<p>这是第25号商品的详细描述</p>',1,'2025-03-27 14:03:22','2025-04-22 14:03:22','https://picsum.photos/id/22/800/800',0,59),(283,14,'精品女装682',512.07,635.33,15,12,'https://picsum.photos/id/1002/800/800','https://picsum.photos/id/1006/800/800,https://picsum.photos/id/1005/800/800,https://picsum.photos/id/100/800/800','这是第26号商品的描述','<p>这是第26号商品的详细描述</p>',1,'2025-04-21 14:03:22','2025-04-22 14:03:22','https://picsum.photos/id/23/800/800',0,345),(284,13,'热销电脑272',952.39,1198.66,45,697,'https://picsum.photos/id/10/800/800','https://picsum.photos/id/1002/800/800,https://picsum.photos/id/1000/800/800,https://picsum.photos/id/10/800/800','这是第27号商品的描述','<p>这是第27号商品的详细描述</p>',1,'2025-04-05 14:03:22','2025-04-22 14:03:22','https://picsum.photos/id/24/800/800',0,559),(285,6,'高端男装390',523.94,522.72,56,111,'https://picsum.photos/id/1005/800/800','https://picsum.photos/id/1/800/800,https://picsum.photos/id/1001/800/800,https://picsum.photos/id/100/800/800','这是第28号商品的描述','<p>这是第28号商品的详细描述</p>',1,'2025-03-26 14:03:22','2025-04-22 14:03:22','https://picsum.photos/id/25/800/800',0,750),(286,6,'热销手机217',262.02,728.80,82,133,'https://picsum.photos/id/10/800/800','https://picsum.photos/id/1002/800/800,https://picsum.photos/id/1006/800/800,https://picsum.photos/id/1000/800/800','这是第29号商品的描述','<p>这是第29号商品的详细描述</p>',1,'2025-04-02 14:03:22','2025-04-22 14:03:22','https://picsum.photos/id/26/800/800',0,449),(287,8,'新款电脑644',344.37,950.47,56,522,'https://picsum.photos/id/1006/800/800','https://picsum.photos/id/1/800/800,https://picsum.photos/id/1001/800/800,https://picsum.photos/id/1006/800/800','这是第30号商品的描述','<p>这是第30号商品的详细描述</p>',1,'2025-04-05 14:03:22','2025-04-22 14:03:22','https://picsum.photos/id/27/800/800',0,38),(288,11,'时尚电脑210',477.27,839.70,97,169,'https://picsum.photos/id/1006/800/800','https://picsum.photos/id/10/800/800,https://picsum.photos/id/1005/800/800,https://picsum.photos/id/1006/800/800','这是第31号商品的描述','<p>这是第31号商品的详细描述</p>',1,'2025-04-18 14:03:22','2025-04-22 14:03:22','https://picsum.photos/id/28/800/800',0,926),(289,8,'时尚手机71',482.23,210.92,58,657,'https://picsum.photos/id/1002/800/800','https://picsum.photos/id/1004/800/800,https://picsum.photos/id/1/800/800,https://picsum.photos/id/1006/800/800','这是第32号商品的描述','<p>这是第32号商品的详细描述</p>',1,'2025-04-08 14:03:22','2025-04-22 14:03:22','https://picsum.photos/id/29/800/800',0,632),(290,15,'热销男装863',40.02,704.12,90,370,'https://picsum.photos/id/10/800/800','https://picsum.photos/id/1002/800/800,https://picsum.photos/id/1001/800/800,https://picsum.photos/id/1003/800/800','这是第33号商品的描述','<p>这是第33号商品的详细描述</p>',1,'2025-04-01 14:03:22','2025-04-22 14:03:22','https://picsum.photos/id/20/800/800',0,767),(291,14,'热销手机392',96.94,298.79,44,91,'https://picsum.photos/id/10/800/800','https://picsum.photos/id/1000/800/800,https://picsum.photos/id/100/800/800,https://picsum.photos/id/1000/800/800','这是第34号商品的描述','<p>这是第34号商品的详细描述</p>',1,'2025-03-31 14:03:22','2025-04-22 14:03:22','https://picsum.photos/id/21/800/800',0,858),(292,6,'高端手机191',613.04,573.90,22,526,'https://picsum.photos/id/1006/800/800','https://picsum.photos/id/100/800/800,https://picsum.photos/id/1000/800/800,https://picsum.photos/id/10/800/800','这是第35号商品的描述','<p>这是第35号商品的详细描述</p>',1,'2025-04-09 14:03:22','2025-04-22 14:03:22','https://picsum.photos/id/22/800/800',0,958),(293,11,'时尚童装226',529.96,1072.60,95,306,'https://picsum.photos/id/1003/800/800','https://picsum.photos/id/1000/800/800,https://picsum.photos/id/1006/800/800,https://picsum.photos/id/1002/800/800','这是第36号商品的描述','<p>这是第36号商品的详细描述</p>',1,'2025-03-28 14:03:22','2025-04-22 14:03:22','https://picsum.photos/id/23/800/800',0,688),(294,17,'精品手机941',462.51,598.87,26,558,'https://picsum.photos/id/1006/800/800','https://picsum.photos/id/100/800/800,https://picsum.photos/id/100/800/800,https://picsum.photos/id/1003/800/800','这是第37号商品的描述','<p>这是第37号商品的详细描述</p>',1,'2025-04-16 14:03:22','2025-04-22 14:03:22','https://picsum.photos/id/24/800/800',0,247),(295,13,'精品童装101',742.85,506.42,65,944,'https://picsum.photos/id/1004/800/800','https://picsum.photos/id/1/800/800,https://picsum.photos/id/1004/800/800,https://picsum.photos/id/1006/800/800','这是第38号商品的描述','<p>这是第38号商品的详细描述</p>',1,'2025-04-19 14:03:22','2025-04-22 14:03:22','https://picsum.photos/id/25/800/800',0,912),(296,8,'精品手机387',79.01,240.84,3,22,'https://picsum.photos/id/1/800/800','https://picsum.photos/id/1006/800/800,https://picsum.photos/id/1004/800/800,https://picsum.photos/id/10/800/800','这是第39号商品的描述','<p>这是第39号商品的详细描述</p>',1,'2025-04-19 14:03:22','2025-04-22 14:03:22','https://picsum.photos/id/26/800/800',0,252),(297,18,'热销手机500',615.87,728.58,12,752,'https://picsum.photos/id/1000/800/800','https://picsum.photos/id/1003/800/800,https://picsum.photos/id/10/800/800,https://picsum.photos/id/1003/800/800','这是第40号商品的描述','<p>这是第40号商品的详细描述</p>',1,'2025-04-02 14:03:22','2025-04-22 14:03:22','https://picsum.photos/id/27/800/800',0,637),(298,7,'新款电脑871',444.79,714.38,21,310,'https://picsum.photos/id/1005/800/800','https://picsum.photos/id/1002/800/800,https://picsum.photos/id/10/800/800,https://picsum.photos/id/1005/800/800','这是第41号商品的描述','<p>这是第41号商品的详细描述</p>',1,'2025-04-22 14:03:22','2025-04-22 14:03:37','https://picsum.photos/id/28/800/800',1,486),(299,10,'高端电脑496',642.17,861.43,89,652,'https://picsum.photos/id/1002/800/800','https://picsum.photos/id/1006/800/800,https://picsum.photos/id/10/800/800,https://picsum.photos/id/1/800/800','这是第42号商品的描述','<p>这是第42号商品的详细描述</p>',1,'2025-04-09 14:03:22','2025-04-22 14:03:22','https://picsum.photos/id/29/800/800',0,180),(300,13,'精品男装279',182.48,53.62,13,726,'https://picsum.photos/id/100/800/800','https://picsum.photos/id/1006/800/800,https://picsum.photos/id/10/800/800,https://picsum.photos/id/1/800/800','这是第43号商品的描述','<p>这是第43号商品的详细描述</p>',1,'2025-04-03 14:03:22','2025-04-22 14:03:22','https://picsum.photos/id/20/800/800',0,47),(301,10,'高端童装129',75.49,1131.04,70,24,'https://picsum.photos/id/1006/800/800','https://picsum.photos/id/1006/800/800,https://picsum.photos/id/1002/800/800,https://picsum.photos/id/1006/800/800','这是第44号商品的描述','<p>这是第44号商品的详细描述</p>',1,'2025-04-13 14:03:22','2025-04-22 14:03:22','https://picsum.photos/id/21/800/800',0,683),(302,11,'时尚男装994',867.19,398.37,64,803,'https://picsum.photos/id/1/800/800','https://picsum.photos/id/1/800/800,https://picsum.photos/id/1006/800/800,https://picsum.photos/id/1003/800/800','这是第45号商品的描述','<p>这是第45号商品的详细描述</p>',1,'2025-04-15 14:03:22','2025-04-22 14:03:22','https://picsum.photos/id/22/800/800',0,357),(303,6,'精品电脑119',718.35,291.57,7,522,'https://picsum.photos/id/1000/800/800','https://picsum.photos/id/1001/800/800,https://picsum.photos/id/1005/800/800,https://picsum.photos/id/10/800/800','这是第46号商品的描述','<p>这是第46号商品的详细描述</p>',1,'2025-04-19 14:03:22','2025-04-22 14:03:22','https://picsum.photos/id/23/800/800',0,198),(304,13,'精品男装519',200.98,491.43,5,904,'https://picsum.photos/id/1000/800/800','https://picsum.photos/id/10/800/800,https://picsum.photos/id/1001/800/800,https://picsum.photos/id/1004/800/800','这是第47号商品的描述','<p>这是第47号商品的详细描述</p>',1,'2025-04-06 14:03:22','2025-04-22 14:03:22','https://picsum.photos/id/24/800/800',0,515),(305,17,'热销男装802',588.35,653.90,52,183,'https://picsum.photos/id/1000/800/800','https://picsum.photos/id/10/800/800,https://picsum.photos/id/1005/800/800,https://picsum.photos/id/1002/800/800','这是第48号商品的描述','<p>这是第48号商品的详细描述</p>',1,'2025-04-09 14:03:22','2025-04-22 14:03:22','https://picsum.photos/id/25/800/800',0,480),(306,6,'热销女装55',204.33,979.78,0,556,'https://picsum.photos/id/1004/800/800','https://picsum.photos/id/10/800/800,https://picsum.photos/id/1001/800/800,https://picsum.photos/id/1006/800/800','这是第49号商品的描述','<p>这是第49号商品的详细描述</p>',1,'2025-04-14 14:03:22','2025-04-22 14:03:22','https://picsum.photos/id/26/800/800',0,547),(307,17,'热销手机83',165.55,614.62,40,399,'https://picsum.photos/id/1004/800/800','https://picsum.photos/id/1004/800/800,https://picsum.photos/id/1002/800/800,https://picsum.photos/id/1000/800/800','这是第50号商品的描述','<p>这是第50号商品的详细描述</p>',1,'2025-04-14 14:03:22','2025-04-22 14:03:22','https://picsum.photos/id/27/800/800',0,317),(308,15,'高端童装987',420.33,136.06,16,942,'https://picsum.photos/id/100/800/800','https://picsum.photos/id/100/800/800,https://picsum.photos/id/1001/800/800,https://picsum.photos/id/1005/800/800','这是第51号商品的描述','<p>这是第51号商品的详细描述</p>',1,'2025-04-06 14:03:22','2025-04-22 14:03:22','https://picsum.photos/id/28/800/800',0,300),(309,17,'高端童装652',486.46,570.59,63,767,'https://picsum.photos/id/1006/800/800','https://picsum.photos/id/1001/800/800,https://picsum.photos/id/1000/800/800,https://picsum.photos/id/1000/800/800','这是第52号商品的描述','<p>这是第52号商品的详细描述</p>',1,'2025-03-28 14:03:22','2025-04-22 14:03:22','https://picsum.photos/id/29/800/800',0,181),(310,10,'时尚女装767',648.26,1137.72,59,947,'https://picsum.photos/id/1006/800/800','https://picsum.photos/id/1006/800/800,https://picsum.photos/id/1006/800/800,https://picsum.photos/id/1003/800/800','这是第53号商品的描述','<p>这是第53号商品的详细描述</p>',1,'2025-04-05 14:03:22','2025-04-22 14:03:22','https://picsum.photos/id/20/800/800',0,2),(311,8,'时尚手机453',66.52,1099.48,46,978,'https://picsum.photos/id/1001/800/800','https://picsum.photos/id/1002/800/800,https://picsum.photos/id/1000/800/800,https://picsum.photos/id/1006/800/800','这是第54号商品的描述','<p>这是第54号商品的详细描述</p>',1,'2025-04-02 14:03:22','2025-04-22 14:03:22','https://picsum.photos/id/21/800/800',0,622),(312,6,'高端电脑653',300.76,631.52,76,860,'https://picsum.photos/id/1/800/800','https://picsum.photos/id/1001/800/800,https://picsum.photos/id/10/800/800,https://picsum.photos/id/1000/800/800','这是第55号商品的描述','<p>这是第55号商品的详细描述</p>',1,'2025-04-08 14:03:22','2025-04-22 14:03:22','https://picsum.photos/id/22/800/800',0,334),(313,8,'热销女装206',388.23,346.42,67,437,'https://picsum.photos/id/10/800/800','https://picsum.photos/id/1002/800/800,https://picsum.photos/id/10/800/800,https://picsum.photos/id/1006/800/800','这是第56号商品的描述','<p>这是第56号商品的详细描述</p>',1,'2025-04-07 14:03:22','2025-04-22 14:03:22','https://picsum.photos/id/23/800/800',0,635),(314,14,'高端男装919',528.21,1068.13,1,920,'https://picsum.photos/id/1002/800/800','https://picsum.photos/id/1/800/800,https://picsum.photos/id/1001/800/800,https://picsum.photos/id/10/800/800','这是第57号商品的描述','<p>这是第57号商品的详细描述</p>',1,'2025-04-04 14:03:22','2025-04-22 14:03:22','https://picsum.photos/id/24/800/800',0,440),(315,11,'新款男装241',116.49,1015.50,25,50,'https://picsum.photos/id/1001/800/800','https://picsum.photos/id/1000/800/800,https://picsum.photos/id/10/800/800,https://picsum.photos/id/1003/800/800','这是第58号商品的描述','<p>这是第58号商品的详细描述</p>',1,'2025-03-25 14:03:22','2025-04-22 14:03:22','https://picsum.photos/id/25/800/800',0,712),(316,15,'高端童装193',255.28,799.26,75,126,'https://picsum.photos/id/1000/800/800','https://picsum.photos/id/1001/800/800,https://picsum.photos/id/1000/800/800,https://picsum.photos/id/100/800/800','这是第59号商品的描述','<p>这是第59号商品的详细描述</p>',1,'2025-04-16 14:03:22','2025-04-22 14:03:22','https://picsum.photos/id/26/800/800',0,381),(317,8,'热销男装714',234.17,1137.43,32,869,'https://picsum.photos/id/1000/800/800','https://picsum.photos/id/10/800/800,https://picsum.photos/id/1006/800/800,https://picsum.photos/id/1006/800/800','这是第60号商品的描述','<p>这是第60号商品的详细描述</p>',1,'2025-04-20 14:03:22','2025-04-22 14:03:22','https://picsum.photos/id/27/800/800',0,462),(318,7,'时尚童装631',915.19,834.87,17,932,'https://picsum.photos/id/10/800/800','https://picsum.photos/id/1006/800/800,https://picsum.photos/id/1000/800/800,https://picsum.photos/id/1006/800/800','这是第61号商品的描述','<p>这是第61号商品的详细描述</p>',1,'2025-04-07 14:03:22','2025-04-22 14:03:22','https://picsum.photos/id/28/800/800',0,855),(319,15,'热销童装172',76.02,1042.86,94,86,'https://picsum.photos/id/1003/800/800','https://picsum.photos/id/1004/800/800,https://picsum.photos/id/1006/800/800,https://picsum.photos/id/1000/800/800','这是第62号商品的描述','<p>这是第62号商品的详细描述</p>',1,'2025-04-18 14:03:22','2025-04-22 14:03:22','https://picsum.photos/id/29/800/800',0,593),(320,12,'热销童装164',262.24,882.55,34,329,'https://picsum.photos/id/1003/800/800','https://picsum.photos/id/1/800/800,https://picsum.photos/id/100/800/800,https://picsum.photos/id/1000/800/800','这是第63号商品的描述','<p>这是第63号商品的详细描述</p>',1,'2025-03-24 14:03:22','2025-04-22 14:03:22','https://picsum.photos/id/20/800/800',0,745),(321,16,'热销男装459',203.28,709.85,21,868,'https://picsum.photos/id/1003/800/800','https://picsum.photos/id/1005/800/800,https://picsum.photos/id/1000/800/800,https://picsum.photos/id/1/800/800','这是第64号商品的描述','<p>这是第64号商品的详细描述</p>',1,'2025-04-22 14:03:22','2025-04-22 14:35:03','https://picsum.photos/id/21/800/800',1,112),(322,12,'时尚男装871',263.15,808.51,77,235,'https://picsum.photos/id/1005/800/800','https://picsum.photos/id/1001/800/800,https://picsum.photos/id/1005/800/800,https://picsum.photos/id/1005/800/800','这是第65号商品的描述','<p>这是第65号商品的详细描述</p>',1,'2025-03-27 14:03:22','2025-04-22 14:03:22','https://picsum.photos/id/22/800/800',0,714),(323,18,'高端电脑508',103.45,1129.49,43,805,'https://picsum.photos/id/1004/800/800','https://picsum.photos/id/100/800/800,https://picsum.photos/id/1005/800/800,https://picsum.photos/id/1004/800/800','这是第66号商品的描述','<p>这是第66号商品的详细描述</p>',1,'2025-04-21 14:03:22','2025-04-22 14:03:22','https://picsum.photos/id/23/800/800',0,67),(324,8,'新款电脑154',278.41,1097.62,55,833,'https://picsum.photos/id/1002/800/800','https://picsum.photos/id/1/800/800,https://picsum.photos/id/1003/800/800,https://picsum.photos/id/1/800/800','这是第67号商品的描述','<p>这是第67号商品的详细描述</p>',1,'2025-04-18 14:03:22','2025-04-22 14:03:22','https://picsum.photos/id/24/800/800',0,808),(325,13,'精品男装106',467.54,1206.41,90,794,'https://picsum.photos/id/100/800/800','https://picsum.photos/id/1006/800/800,https://picsum.photos/id/1004/800/800,https://picsum.photos/id/10/800/800','这是第68号商品的描述','<p>这是第68号商品的详细描述</p>',1,'2025-04-06 14:03:22','2025-04-22 14:03:22','https://picsum.photos/id/25/800/800',0,197),(326,10,'时尚手机962',778.74,1220.97,22,187,'https://picsum.photos/id/100/800/800','https://picsum.photos/id/1005/800/800,https://picsum.photos/id/10/800/800,https://picsum.photos/id/1002/800/800','这是第69号商品的描述','<p>这是第69号商品的详细描述</p>',1,'2025-04-18 14:03:22','2025-04-22 14:03:22','https://picsum.photos/id/26/800/800',0,65),(327,17,'精品男装577',468.07,703.21,82,603,'https://picsum.photos/id/1002/800/800','https://picsum.photos/id/1005/800/800,https://picsum.photos/id/1003/800/800,https://picsum.photos/id/1002/800/800','这是第70号商品的描述','<p>这是第70号商品的详细描述</p>',1,'2025-04-02 14:03:22','2025-04-22 14:03:22','https://picsum.photos/id/27/800/800',0,987),(328,16,'精品手机621',118.88,768.08,39,712,'https://picsum.photos/id/1000/800/800','https://picsum.photos/id/1004/800/800,https://picsum.photos/id/1002/800/800,https://picsum.photos/id/1000/800/800','这是第71号商品的描述','<p>这是第71号商品的详细描述</p>',1,'2025-04-10 14:03:22','2025-04-22 14:03:22','https://picsum.photos/id/28/800/800',0,925),(329,10,'时尚男装552',355.37,111.84,65,136,'https://picsum.photos/id/1004/800/800','https://picsum.photos/id/10/800/800,https://picsum.photos/id/1003/800/800,https://picsum.photos/id/1003/800/800','这是第72号商品的描述','<p>这是第72号商品的详细描述</p>',1,'2025-04-14 14:03:22','2025-04-22 14:03:22','https://picsum.photos/id/29/800/800',0,498),(330,14,'热销女装787',132.59,338.10,78,175,'https://picsum.photos/id/1002/800/800','https://picsum.photos/id/10/800/800,https://picsum.photos/id/10/800/800,https://picsum.photos/id/10/800/800','这是第73号商品的描述','<p>这是第73号商品的详细描述</p>',1,'2025-04-16 14:03:22','2025-04-22 14:03:22','https://picsum.photos/id/20/800/800',0,808),(331,10,'精品电脑902',97.94,877.45,90,248,'https://picsum.photos/id/1002/800/800','https://picsum.photos/id/1006/800/800,https://picsum.photos/id/1006/800/800,https://picsum.photos/id/10/800/800','这是第74号商品的描述','<p>这是第74号商品的详细描述</p>',1,'2025-04-03 14:03:22','2025-04-22 14:03:22','https://picsum.photos/id/21/800/800',0,940),(332,15,'热销男装613',974.64,48.66,10,797,'https://picsum.photos/id/1003/800/800','https://picsum.photos/id/1006/800/800,https://picsum.photos/id/1006/800/800,https://picsum.photos/id/1004/800/800','这是第75号商品的描述','<p>这是第75号商品的详细描述</p>',1,'2025-03-28 14:03:22','2025-04-22 14:03:22','https://picsum.photos/id/22/800/800',0,26),(333,13,'热销手机593',25.09,360.46,29,164,'https://picsum.photos/id/1006/800/800','https://picsum.photos/id/100/800/800,https://picsum.photos/id/10/800/800,https://picsum.photos/id/1000/800/800','这是第76号商品的描述','<p>这是第76号商品的详细描述</p>',1,'2025-04-21 14:03:22','2025-04-22 14:03:22','https://picsum.photos/id/23/800/800',0,272),(334,8,'精品电脑239',715.84,950.61,94,453,'https://picsum.photos/id/1001/800/800','https://picsum.photos/id/1004/800/800,https://picsum.photos/id/1001/800/800,https://picsum.photos/id/1006/800/800','这是第77号商品的描述','<p>这是第77号商品的详细描述</p>',1,'2025-04-10 14:03:22','2025-04-22 14:03:22','https://picsum.photos/id/24/800/800',0,311),(335,9,'高端女装76',594.63,920.36,4,689,'https://picsum.photos/id/1000/800/800','https://picsum.photos/id/1002/800/800,https://picsum.photos/id/1003/800/800,https://picsum.photos/id/1005/800/800','这是第78号商品的描述','<p>这是第78号商品的详细描述</p>',1,'2025-04-22 14:03:22','2025-04-22 14:35:06','https://picsum.photos/id/25/800/800',1,717),(336,12,'精品男装313',437.18,284.18,32,221,'https://picsum.photos/id/10/800/800','https://picsum.photos/id/1/800/800,https://picsum.photos/id/1005/800/800,https://picsum.photos/id/1006/800/800','这是第79号商品的描述','<p>这是第79号商品的详细描述</p>',1,'2025-04-08 14:03:22','2025-04-22 14:03:22','https://picsum.photos/id/26/800/800',0,391),(337,12,'高端电脑89',685.60,188.45,93,647,'https://picsum.photos/id/1001/800/800','https://picsum.photos/id/100/800/800,https://picsum.photos/id/1006/800/800,https://picsum.photos/id/1005/800/800','这是第80号商品的描述','<p>这是第80号商品的详细描述</p>',1,'2025-04-07 14:03:22','2025-04-22 14:03:22','https://picsum.photos/id/27/800/800',0,972),(338,10,'热销男装614',59.49,524.07,16,181,'https://picsum.photos/id/1001/800/800','https://picsum.photos/id/1002/800/800,https://picsum.photos/id/1002/800/800,https://picsum.photos/id/10/800/800','这是第81号商品的描述','<p>这是第81号商品的详细描述</p>',1,'2025-03-26 14:03:22','2025-04-22 14:03:22','https://picsum.photos/id/28/800/800',0,149),(339,6,'新款手机525',311.00,1189.72,18,530,'https://picsum.photos/id/1/800/800','https://picsum.photos/id/1005/800/800,https://picsum.photos/id/1006/800/800,https://picsum.photos/id/100/800/800','这是第82号商品的描述','<p>这是第82号商品的详细描述</p>',1,'2025-04-12 14:03:22','2025-04-22 14:03:22','https://picsum.photos/id/29/800/800',0,79),(340,9,'精品童装934',975.88,100.72,2,770,'https://picsum.photos/id/1004/800/800','https://picsum.photos/id/1002/800/800,https://picsum.photos/id/1002/800/800,https://picsum.photos/id/100/800/800','这是第83号商品的描述','<p>这是第83号商品的详细描述</p>',1,'2025-04-12 14:03:22','2025-04-22 14:03:22','https://picsum.photos/id/20/800/800',0,90),(341,10,'新款男装344',568.16,904.04,82,433,'https://picsum.photos/id/1003/800/800','https://picsum.photos/id/1/800/800,https://picsum.photos/id/1001/800/800,https://picsum.photos/id/1006/800/800','这是第84号商品的描述','<p>这是第84号商品的详细描述</p>',1,'2025-04-09 14:03:22','2025-04-22 14:03:22','https://picsum.photos/id/21/800/800',0,317),(342,9,'高端女装137',850.11,1014.38,52,796,'https://picsum.photos/id/1001/800/800','https://picsum.photos/id/1004/800/800,https://picsum.photos/id/1000/800/800,https://picsum.photos/id/1000/800/800','这是第85号商品的描述','<p>这是第85号商品的详细描述</p>',1,'2025-03-26 14:03:22','2025-04-22 14:03:22','https://picsum.photos/id/22/800/800',0,515),(343,16,'高端男装79',39.92,1089.62,60,634,'https://picsum.photos/id/1000/800/800','https://picsum.photos/id/1005/800/800,https://picsum.photos/id/10/800/800,https://picsum.photos/id/10/800/800','这是第86号商品的描述','<p>这是第86号商品的详细描述</p>',1,'2025-04-08 14:03:22','2025-04-22 14:03:22','https://picsum.photos/id/23/800/800',0,923),(344,7,'热销男装150',214.10,676.02,67,520,'https://picsum.photos/id/1002/800/800','https://picsum.photos/id/1000/800/800,https://picsum.photos/id/1/800/800,https://picsum.photos/id/1/800/800','这是第87号商品的描述','<p>这是第87号商品的详细描述</p>',1,'2025-03-24 14:03:22','2025-04-22 14:03:22','https://picsum.photos/id/24/800/800',0,856),(345,10,'精品女装310',889.94,664.24,97,153,'https://picsum.photos/id/1005/800/800','https://picsum.photos/id/1004/800/800,https://picsum.photos/id/1000/800/800,https://picsum.photos/id/1002/800/800','这是第88号商品的描述','<p>这是第88号商品的详细描述</p>',1,'2025-04-03 14:03:22','2025-04-22 14:03:22','https://picsum.photos/id/25/800/800',0,511),(346,14,'新款童装660',652.45,318.55,7,236,'https://picsum.photos/id/1006/800/800','https://picsum.photos/id/10/800/800,https://picsum.photos/id/1005/800/800,https://picsum.photos/id/1002/800/800','这是第89号商品的描述','<p>这是第89号商品的详细描述</p>',1,'2025-04-08 14:03:22','2025-04-22 14:03:22','https://picsum.photos/id/26/800/800',0,722),(347,7,'高端男装324',106.83,600.71,85,446,'https://picsum.photos/id/1003/800/800','https://picsum.photos/id/1006/800/800,https://picsum.photos/id/1005/800/800,https://picsum.photos/id/100/800/800','这是第90号商品的描述','<p>这是第90号商品的详细描述</p>',1,'2025-03-28 14:03:22','2025-04-22 14:03:22','https://picsum.photos/id/27/800/800',0,394),(348,11,'时尚男装520',101.46,1033.86,44,524,'https://picsum.photos/id/100/800/800','https://picsum.photos/id/1005/800/800,https://picsum.photos/id/1002/800/800,https://picsum.photos/id/100/800/800','这是第91号商品的描述','<p>这是第91号商品的详细描述</p>',1,'2025-04-05 14:03:22','2025-04-22 14:03:22','https://picsum.photos/id/28/800/800',0,39),(349,12,'精品女装11',452.68,258.56,72,645,'https://picsum.photos/id/1/800/800','https://picsum.photos/id/100/800/800,https://picsum.photos/id/10/800/800,https://picsum.photos/id/1/800/800','这是第92号商品的描述','<p>这是第92号商品的详细描述</p>',1,'2025-03-31 14:03:22','2025-04-22 14:03:22','https://picsum.photos/id/29/800/800',0,550),(350,13,'时尚手机152',768.38,459.82,71,853,'https://picsum.photos/id/10/800/800','https://picsum.photos/id/10/800/800,https://picsum.photos/id/10/800/800,https://picsum.photos/id/1003/800/800','这是第93号商品的描述','<p>这是第93号商品的详细描述</p>',1,'2025-04-07 14:03:22','2025-04-22 14:03:22','https://picsum.photos/id/20/800/800',0,735),(351,7,'精品童装293',44.57,355.30,97,764,'https://picsum.photos/id/1005/800/800','https://picsum.photos/id/10/800/800,https://picsum.photos/id/100/800/800,https://picsum.photos/id/1001/800/800','这是第94号商品的描述','<p>这是第94号商品的详细描述</p>',1,'2025-03-27 14:03:22','2025-04-22 14:03:22','https://picsum.photos/id/21/800/800',0,878),(352,15,'精品手机13',888.44,468.39,41,92,'https://picsum.photos/id/100/800/800','https://picsum.photos/id/1005/800/800,https://picsum.photos/id/1004/800/800,https://picsum.photos/id/1005/800/800','这是第95号商品的描述','<p>这是第95号商品的详细描述</p>',1,'2025-04-12 14:03:22','2025-04-22 14:03:22','https://picsum.photos/id/22/800/800',0,131),(353,13,'高端童装819',849.58,918.85,47,263,'https://picsum.photos/id/1006/800/800','https://picsum.photos/id/1004/800/800,https://picsum.photos/id/1006/800/800,https://picsum.photos/id/1002/800/800','这是第96号商品的描述','<p>这是第96号商品的详细描述</p>',1,'2025-03-26 14:03:22','2025-04-22 14:03:22','https://picsum.photos/id/23/800/800',0,892),(354,15,'热销手机935',324.28,1012.24,43,312,'https://picsum.photos/id/100/800/800','https://picsum.photos/id/1000/800/800,https://picsum.photos/id/1006/800/800,https://picsum.photos/id/1002/800/800','这是第97号商品的描述','<p>这是第97号商品的详细描述</p>',1,'2025-04-22 14:03:22','2025-04-22 14:03:22','https://picsum.photos/id/24/800/800',0,487),(355,10,'精品童装179',667.62,1005.04,22,383,'https://picsum.photos/id/100/800/800','https://picsum.photos/id/1/800/800,https://picsum.photos/id/1002/800/800,https://picsum.photos/id/1004/800/800','这是第98号商品的描述','<p>这是第98号商品的详细描述</p>',1,'2025-04-17 14:03:22','2025-04-22 14:03:22','https://picsum.photos/id/25/800/800',0,457),(356,16,'高端童装713',121.82,540.40,64,855,'https://picsum.photos/id/1000/800/800','https://picsum.photos/id/100/800/800,https://picsum.photos/id/1006/800/800,https://picsum.photos/id/100/800/800','这是第99号商品的描述','<p>这是第99号商品的详细描述</p>',1,'2025-04-13 14:03:22','2025-04-22 14:03:22','https://picsum.photos/id/26/800/800',0,843),(357,9,'新款男装579',320.69,948.79,54,100,'https://picsum.photos/id/1005/800/800','https://picsum.photos/id/1/800/800,https://picsum.photos/id/1003/800/800,https://picsum.photos/id/1006/800/800','这是第100号商品的描述','<p>这是第100号商品的详细描述</p>',1,'2025-03-27 14:03:22','2025-04-22 14:03:22','https://picsum.photos/id/27/800/800',0,648),(385,13,'新款女装947',969.88,16.03,55,418,'https://picsum.photos/id/1001/800/800','https://picsum.photos/id/1000/800/800,https://picsum.photos/id/1006/800/800,https://picsum.photos/id/1006/800/800','这是第1号商品的描述','<p>这是第1号商品的详细描述</p>',1,'2025-04-07 18:43:52','2025-04-22 18:43:52','https://picsum.photos/id/29/800/800',1,925),(386,6,'高端男装105',271.69,18.26,16,121,'https://picsum.photos/id/10/800/800','https://picsum.photos/id/1002/800/800,https://picsum.photos/id/100/800/800,https://picsum.photos/id/1001/800/800','这是第2号商品的描述','<p>这是第2号商品的详细描述</p>',1,'2025-04-10 18:43:52','2025-04-22 18:43:52','https://picsum.photos/id/21/800/800',1,818),(387,17,'热销电脑455',813.63,767.16,3,118,'https://picsum.photos/id/1001/800/800','https://picsum.photos/id/1005/800/800,https://picsum.photos/id/1005/800/800,https://picsum.photos/id/1006/800/800','这是第3号商品的描述','<p>这是第3号商品的详细描述</p>',1,'2025-04-20 18:43:52','2025-04-22 18:43:52','https://picsum.photos/id/20/800/800',1,652),(388,18,'热销手机665',275.74,450.57,55,12,'https://picsum.photos/id/1001/800/800','https://picsum.photos/id/1003/800/800,https://picsum.photos/id/1000/800/800,https://picsum.photos/id/1006/800/800','这是第4号商品的描述','<p>这是第4号商品的详细描述</p>',1,'2025-04-03 18:43:52','2025-04-22 18:43:52','https://picsum.photos/id/29/800/800',1,321),(389,14,'高端女装734',23.52,1002.55,82,289,'https://picsum.photos/id/1006/800/800','https://picsum.photos/id/1005/800/800,https://picsum.photos/id/1000/800/800,https://picsum.photos/id/10/800/800','这是第5号商品的描述','<p>这是第5号商品的详细描述</p>',1,'2025-03-28 18:43:52','2025-04-22 18:43:52','https://picsum.photos/id/29/800/800',1,674),(390,17,'精品电脑957',841.17,374.56,59,633,'https://picsum.photos/id/1000/800/800','https://picsum.photos/id/1005/800/800,https://picsum.photos/id/100/800/800,https://picsum.photos/id/1005/800/800','这是第6号商品的描述','<p>这是第6号商品的详细描述</p>',1,'2025-04-04 18:43:52','2025-04-22 18:43:52','https://picsum.photos/id/29/800/800',1,310),(391,15,'热销电脑798',441.73,963.48,73,817,'https://picsum.photos/id/1005/800/800','https://picsum.photos/id/100/800/800,https://picsum.photos/id/10/800/800,https://picsum.photos/id/1/800/800','这是第7号商品的描述','<p>这是第7号商品的详细描述</p>',1,'2025-03-30 18:43:52','2025-04-22 18:43:52','https://picsum.photos/id/29/800/800',1,770),(392,12,'精品男装171',779.57,455.22,51,984,'https://picsum.photos/id/1000/800/800','https://picsum.photos/id/1004/800/800,https://picsum.photos/id/1005/800/800,https://picsum.photos/id/1/800/800','这是第8号商品的描述','<p>这是第8号商品的详细描述</p>',1,'2025-04-07 18:43:52','2025-04-22 18:43:52','https://picsum.photos/id/29/800/800',1,527),(393,7,'热销电脑24',418.25,1228.68,57,765,'https://picsum.photos/id/1/800/800','https://picsum.photos/id/1001/800/800,https://picsum.photos/id/1/800/800,https://picsum.photos/id/1002/800/800','这是第9号商品的描述','<p>这是第9号商品的详细描述</p>',1,'2025-04-01 18:43:52','2025-04-22 18:43:52','https://picsum.photos/id/21/800/800',1,904),(394,11,'精品女装432',383.29,743.98,24,812,'https://picsum.photos/id/1000/800/800','https://picsum.photos/id/10/800/800,https://picsum.photos/id/1/800/800,https://picsum.photos/id/1006/800/800','这是第10号商品的描述','<p>这是第10号商品的详细描述</p>',1,'2025-04-13 18:43:52','2025-04-22 18:43:52','https://picsum.photos/id/22/800/800',1,902),(395,12,'热销女装202',359.14,206.48,17,669,'https://picsum.photos/id/1005/800/800','https://picsum.photos/id/1000/800/800,https://picsum.photos/id/10/800/800,https://picsum.photos/id/1006/800/800','这是第11号商品的描述','<p>这是第11号商品的详细描述</p>',1,'2025-04-20 18:43:52','2025-04-22 18:43:52','https://picsum.photos/id/21/800/800',0,637),(396,18,'新款电脑31',639.35,110.96,29,943,'https://picsum.photos/id/1005/800/800','https://picsum.photos/id/100/800/800,https://picsum.photos/id/100/800/800,https://picsum.photos/id/1002/800/800','这是第12号商品的描述','<p>这是第12号商品的详细描述</p>',1,'2025-03-28 18:43:52','2025-04-22 18:43:52','https://picsum.photos/id/23/800/800',0,619),(397,13,'时尚童装66',40.34,1179.86,53,629,'https://picsum.photos/id/1002/800/800','https://picsum.photos/id/1003/800/800,https://picsum.photos/id/1001/800/800,https://picsum.photos/id/1002/800/800','这是第13号商品的描述','<p>这是第13号商品的详细描述</p>',1,'2025-04-11 18:43:52','2025-04-22 18:43:52','https://picsum.photos/id/28/800/800',0,220),(398,18,'时尚电脑773',347.60,501.00,35,78,'https://picsum.photos/id/1000/800/800','https://picsum.photos/id/1005/800/800,https://picsum.photos/id/10/800/800,https://picsum.photos/id/10/800/800','这是第14号商品的描述','<p>这是第14号商品的详细描述</p>',1,'2025-04-07 18:43:52','2025-04-22 18:43:52','https://picsum.photos/id/23/800/800',0,33),(399,13,'热销手机141',376.29,475.57,80,984,'https://picsum.photos/id/1002/800/800','https://picsum.photos/id/100/800/800,https://picsum.photos/id/1002/800/800,https://picsum.photos/id/1/800/800','这是第15号商品的描述','<p>这是第15号商品的详细描述</p>',1,'2025-03-31 18:43:52','2025-04-22 18:43:52','https://picsum.photos/id/25/800/800',0,475),(400,7,'精品电脑372',404.25,993.46,25,745,'https://picsum.photos/id/1006/800/800','https://picsum.photos/id/1/800/800,https://picsum.photos/id/1002/800/800,https://picsum.photos/id/1003/800/800','这是第16号商品的描述','<p>这是第16号商品的详细描述</p>',1,'2025-04-08 18:43:52','2025-04-22 18:43:52','https://picsum.photos/id/25/800/800',0,517),(401,7,'时尚电脑736',713.36,423.14,85,560,'https://picsum.photos/id/100/800/800','https://picsum.photos/id/1003/800/800,https://picsum.photos/id/1004/800/800,https://picsum.photos/id/1/800/800','这是第17号商品的描述','<p>这是第17号商品的详细描述</p>',1,'2025-03-31 18:43:52','2025-04-22 18:43:52','https://picsum.photos/id/24/800/800',0,700),(402,9,'时尚电脑756',340.71,528.04,79,976,'https://picsum.photos/id/1001/800/800','https://picsum.photos/id/100/800/800,https://picsum.photos/id/1004/800/800,https://picsum.photos/id/1004/800/800','这是第18号商品的描述','<p>这是第18号商品的详细描述</p>',1,'2025-04-01 18:43:52','2025-04-22 18:43:52','https://picsum.photos/id/25/800/800',0,257),(403,7,'热销男装959',389.45,54.10,11,424,'https://picsum.photos/id/1004/800/800','https://picsum.photos/id/1005/800/800,https://picsum.photos/id/1000/800/800,https://picsum.photos/id/1000/800/800','这是第19号商品的描述','<p>这是第19号商品的详细描述</p>',1,'2025-04-03 18:43:52','2025-04-22 18:43:52','https://picsum.photos/id/26/800/800',0,198),(404,6,'高端女装133',743.60,362.61,60,109,'https://picsum.photos/id/1004/800/800','https://picsum.photos/id/1001/800/800,https://picsum.photos/id/1001/800/800,https://picsum.photos/id/1004/800/800','这是第20号商品的描述','<p>这是第20号商品的详细描述</p>',1,'2025-04-08 18:43:52','2025-04-22 18:43:52','https://picsum.photos/id/23/800/800',0,152),(405,9,'热销男装456',33.56,929.94,14,682,'https://picsum.photos/id/1006/800/800','https://picsum.photos/id/1000/800/800,https://picsum.photos/id/10/800/800,https://picsum.photos/id/1004/800/800','这是第21号商品的描述','<p>这是第21号商品的详细描述</p>',1,'2025-04-11 18:43:52','2025-04-22 18:43:52','https://picsum.photos/id/28/800/800',0,642),(406,6,'精品男装371',843.41,132.61,43,353,'https://picsum.photos/id/1001/800/800','https://picsum.photos/id/1004/800/800,https://picsum.photos/id/1/800/800,https://picsum.photos/id/10/800/800','这是第22号商品的描述','<p>这是第22号商品的详细描述</p>',1,'2025-04-01 18:43:52','2025-04-22 18:43:52','https://picsum.photos/id/22/800/800',0,949),(407,14,'精品童装587',505.13,841.47,71,35,'https://picsum.photos/id/1/800/800','https://picsum.photos/id/1006/800/800,https://picsum.photos/id/1003/800/800,https://picsum.photos/id/1000/800/800','这是第23号商品的描述','<p>这是第23号商品的详细描述</p>',1,'2025-03-27 18:43:52','2025-04-22 18:43:52','https://picsum.photos/id/29/800/800',0,312),(408,18,'热销男装435',675.91,75.43,14,927,'https://picsum.photos/id/100/800/800','https://picsum.photos/id/1003/800/800,https://picsum.photos/id/1003/800/800,https://picsum.photos/id/1/800/800','这是第24号商品的描述','<p>这是第24号商品的详细描述</p>',1,'2025-04-17 18:43:52','2025-04-22 18:43:52','https://picsum.photos/id/22/800/800',0,962),(409,8,'精品手机326',765.73,1073.79,97,187,'https://picsum.photos/id/1/800/800','https://picsum.photos/id/1000/800/800,https://picsum.photos/id/1000/800/800,https://picsum.photos/id/1002/800/800','这是第25号商品的描述','<p>这是第25号商品的详细描述</p>',1,'2025-03-24 18:43:52','2025-04-22 18:43:52','https://picsum.photos/id/24/800/800',0,137),(410,15,'精品男装876',971.62,269.30,43,507,'https://picsum.photos/id/100/800/800','https://picsum.photos/id/1001/800/800,https://picsum.photos/id/1000/800/800,https://picsum.photos/id/1000/800/800','这是第26号商品的描述','<p>这是第26号商品的详细描述</p>',1,'2025-03-29 18:43:52','2025-04-22 18:43:52','https://picsum.photos/id/26/800/800',0,938),(411,9,'高端电脑947',982.40,93.75,80,832,'https://picsum.photos/id/1004/800/800','https://picsum.photos/id/1004/800/800,https://picsum.photos/id/1006/800/800,https://picsum.photos/id/1005/800/800','这是第27号商品的描述','<p>这是第27号商品的详细描述</p>',1,'2025-04-19 18:43:52','2025-04-22 18:43:52','https://picsum.photos/id/21/800/800',0,160),(412,11,'新款男装617',683.72,687.90,88,302,'https://picsum.photos/id/1005/800/800','https://picsum.photos/id/1000/800/800,https://picsum.photos/id/1003/800/800,https://picsum.photos/id/10/800/800','这是第28号商品的描述','<p>这是第28号商品的详细描述</p>',1,'2025-04-05 18:43:52','2025-04-22 18:43:52','https://picsum.photos/id/23/800/800',0,678),(413,13,'热销男装443',992.94,727.47,7,788,'https://picsum.photos/id/1004/800/800','https://picsum.photos/id/1006/800/800,https://picsum.photos/id/1/800/800,https://picsum.photos/id/1000/800/800','这是第29号商品的描述','<p>这是第29号商品的详细描述</p>',1,'2025-04-09 18:43:52','2025-04-22 18:43:52','https://picsum.photos/id/22/800/800',0,343),(414,10,'热销电脑186',180.99,342.65,10,513,'https://picsum.photos/id/100/800/800','https://picsum.photos/id/1005/800/800,https://picsum.photos/id/10/800/800,https://picsum.photos/id/1006/800/800','这是第30号商品的描述','<p>这是第30号商品的详细描述</p>',1,'2025-04-08 18:43:52','2025-04-22 18:43:52','https://picsum.photos/id/27/800/800',0,526),(415,8,'精品女装259',483.98,760.94,36,886,'https://picsum.photos/id/1000/800/800','https://picsum.photos/id/100/800/800,https://picsum.photos/id/10/800/800,https://picsum.photos/id/1006/800/800','这是第31号商品的描述','<p>这是第31号商品的详细描述</p>',1,'2025-04-14 18:43:52','2025-04-22 18:43:52','https://picsum.photos/id/20/800/800',0,626),(416,9,'精品男装573',445.94,542.65,97,613,'https://picsum.photos/id/10/800/800','https://picsum.photos/id/1/800/800,https://picsum.photos/id/1003/800/800,https://picsum.photos/id/1006/800/800','这是第32号商品的描述','<p>这是第32号商品的详细描述</p>',1,'2025-03-25 18:43:52','2025-04-22 18:43:52','https://picsum.photos/id/29/800/800',0,844),(417,10,'精品女装89',260.39,1142.67,14,58,'https://picsum.photos/id/1005/800/800','https://picsum.photos/id/1004/800/800,https://picsum.photos/id/1003/800/800,https://picsum.photos/id/1/800/800','这是第33号商品的描述','<p>这是第33号商品的详细描述</p>',1,'2025-04-11 18:43:52','2025-04-22 18:43:52','https://picsum.photos/id/20/800/800',0,708),(418,10,'新款女装141',45.07,931.92,4,263,'https://picsum.photos/id/10/800/800','https://picsum.photos/id/1004/800/800,https://picsum.photos/id/1001/800/800,https://picsum.photos/id/1006/800/800','这是第34号商品的描述','<p>这是第34号商品的详细描述</p>',1,'2025-04-13 18:43:52','2025-04-22 18:43:52','https://picsum.photos/id/20/800/800',0,811),(419,7,'精品男装182',885.72,1089.23,97,696,'https://picsum.photos/id/1002/800/800','https://picsum.photos/id/1/800/800,https://picsum.photos/id/10/800/800,https://picsum.photos/id/1003/800/800','这是第35号商品的描述','<p>这是第35号商品的详细描述</p>',1,'2025-03-31 18:43:52','2025-04-22 18:43:52','https://picsum.photos/id/27/800/800',0,809),(420,15,'精品手机86',485.52,175.39,94,909,'https://picsum.photos/id/1004/800/800','https://picsum.photos/id/1006/800/800,https://picsum.photos/id/100/800/800,https://picsum.photos/id/100/800/800','这是第36号商品的描述','<p>这是第36号商品的详细描述</p>',1,'2025-04-05 18:43:52','2025-04-22 18:43:52','https://picsum.photos/id/28/800/800',0,198),(421,9,'新款女装962',725.51,868.36,12,241,'https://picsum.photos/id/1005/800/800','https://picsum.photos/id/1004/800/800,https://picsum.photos/id/100/800/800,https://picsum.photos/id/100/800/800','这是第37号商品的描述','<p>这是第37号商品的详细描述</p>',1,'2025-04-14 18:43:52','2025-04-22 18:43:52','https://picsum.photos/id/24/800/800',0,701),(422,14,'精品手机124',739.77,374.02,82,54,'https://picsum.photos/id/1005/800/800','https://picsum.photos/id/1005/800/800,https://picsum.photos/id/1005/800/800,https://picsum.photos/id/1004/800/800','这是第38号商品的描述','<p>这是第38号商品的详细描述</p>',1,'2025-03-27 18:43:52','2025-04-22 18:43:52','https://picsum.photos/id/28/800/800',0,318),(423,18,'新款电脑135',76.81,1111.81,49,108,'https://picsum.photos/id/1/800/800','https://picsum.photos/id/1002/800/800,https://picsum.photos/id/1005/800/800,https://picsum.photos/id/1004/800/800','这是第39号商品的描述','<p>这是第39号商品的详细描述</p>',1,'2025-04-13 18:43:52','2025-04-22 18:43:52','https://picsum.photos/id/29/800/800',0,235),(424,8,'精品电脑972',902.42,682.64,45,551,'https://picsum.photos/id/1000/800/800','https://picsum.photos/id/100/800/800,https://picsum.photos/id/100/800/800,https://picsum.photos/id/1003/800/800','这是第40号商品的描述','<p>这是第40号商品的详细描述</p>',1,'2025-04-03 18:43:52','2025-04-22 18:43:52','https://picsum.photos/id/22/800/800',0,201),(425,6,'高端电脑297',63.86,483.32,56,602,'https://picsum.photos/id/1000/800/800','https://picsum.photos/id/1005/800/800,https://picsum.photos/id/10/800/800,https://picsum.photos/id/1/800/800','这是第41号商品的描述','<p>这是第41号商品的详细描述</p>',1,'2025-03-30 18:43:52','2025-04-22 18:43:52','https://picsum.photos/id/27/800/800',0,827),(426,15,'精品女装909',404.50,306.15,84,841,'https://picsum.photos/id/1003/800/800','https://picsum.photos/id/10/800/800,https://picsum.photos/id/1000/800/800,https://picsum.photos/id/1001/800/800','这是第42号商品的描述','<p>这是第42号商品的详细描述</p>',1,'2025-03-25 18:43:52','2025-04-22 18:43:52','https://picsum.photos/id/28/800/800',0,534),(427,16,'精品男装492',270.25,991.06,49,263,'https://picsum.photos/id/1005/800/800','https://picsum.photos/id/1001/800/800,https://picsum.photos/id/100/800/800,https://picsum.photos/id/1004/800/800','这是第43号商品的描述','<p>这是第43号商品的详细描述</p>',1,'2025-04-19 18:43:52','2025-04-22 18:43:52','https://picsum.photos/id/24/800/800',0,265),(428,18,'时尚童装210',579.16,300.28,72,146,'https://picsum.photos/id/1002/800/800','https://picsum.photos/id/10/800/800,https://picsum.photos/id/1004/800/800,https://picsum.photos/id/100/800/800','这是第44号商品的描述','<p>这是第44号商品的详细描述</p>',1,'2025-03-29 18:43:52','2025-04-22 18:43:52','https://picsum.photos/id/23/800/800',0,455),(429,16,'新款女装172',17.26,636.32,30,826,'https://picsum.photos/id/100/800/800','https://picsum.photos/id/10/800/800,https://picsum.photos/id/1006/800/800,https://picsum.photos/id/1003/800/800','这是第45号商品的描述','<p>这是第45号商品的详细描述</p>',1,'2025-04-21 18:43:52','2025-04-22 18:43:52','https://picsum.photos/id/25/800/800',0,395),(430,16,'时尚手机213',76.63,806.21,28,594,'https://picsum.photos/id/10/800/800','https://picsum.photos/id/1005/800/800,https://picsum.photos/id/1002/800/800,https://picsum.photos/id/10/800/800','这是第46号商品的描述','<p>这是第46号商品的详细描述</p>',1,'2025-04-14 18:43:52','2025-04-22 18:43:52','https://picsum.photos/id/28/800/800',0,903),(431,14,'新款女装751',687.46,222.09,43,821,'https://picsum.photos/id/1004/800/800','https://picsum.photos/id/10/800/800,https://picsum.photos/id/1001/800/800,https://picsum.photos/id/1002/800/800','这是第47号商品的描述','<p>这是第47号商品的详细描述</p>',1,'2025-04-08 18:43:52','2025-04-22 18:43:52','https://picsum.photos/id/25/800/800',0,734),(432,9,'热销男装955',252.71,407.19,23,981,'https://picsum.photos/id/100/800/800','https://picsum.photos/id/1005/800/800,https://picsum.photos/id/1006/800/800,https://picsum.photos/id/1/800/800','这是第48号商品的描述','<p>这是第48号商品的详细描述</p>',1,'2025-04-11 18:43:52','2025-04-22 18:43:52','https://picsum.photos/id/20/800/800',0,916),(433,11,'精品电脑756',157.66,619.18,23,379,'https://picsum.photos/id/10/800/800','https://picsum.photos/id/1001/800/800,https://picsum.photos/id/1/800/800,https://picsum.photos/id/1003/800/800','这是第49号商品的描述','<p>这是第49号商品的详细描述</p>',1,'2025-04-14 18:43:52','2025-04-22 18:43:52','https://picsum.photos/id/28/800/800',0,385),(434,7,'精品电脑117',687.02,87.03,19,132,'https://picsum.photos/id/1/800/800','https://picsum.photos/id/1004/800/800,https://picsum.photos/id/1006/800/800,https://picsum.photos/id/1000/800/800','这是第50号商品的描述','<p>这是第50号商品的详细描述</p>',1,'2025-04-01 18:43:52','2025-04-22 18:43:52','https://picsum.photos/id/20/800/800',0,621),(435,18,'时尚童装269',812.38,314.64,18,576,'https://picsum.photos/id/1000/800/800','https://picsum.photos/id/1002/800/800,https://picsum.photos/id/10/800/800,https://picsum.photos/id/10/800/800','这是第51号商品的描述','<p>这是第51号商品的详细描述</p>',1,'2025-04-18 18:43:52','2025-04-22 18:43:52','https://picsum.photos/id/29/800/800',0,373),(436,11,'热销男装912',280.61,737.02,73,709,'https://picsum.photos/id/1000/800/800','https://picsum.photos/id/1005/800/800,https://picsum.photos/id/1000/800/800,https://picsum.photos/id/100/800/800','这是第52号商品的描述','<p>这是第52号商品的详细描述</p>',1,'2025-04-20 18:43:52','2025-04-22 18:43:52','https://picsum.photos/id/25/800/800',0,834),(437,17,'热销电脑24',254.12,186.89,81,896,'https://picsum.photos/id/1/800/800','https://picsum.photos/id/1001/800/800,https://picsum.photos/id/1002/800/800,https://picsum.photos/id/1001/800/800','这是第53号商品的描述','<p>这是第53号商品的详细描述</p>',1,'2025-04-01 18:43:52','2025-04-22 18:43:52','https://picsum.photos/id/25/800/800',0,250),(438,6,'高端女装425',957.54,632.72,81,85,'https://picsum.photos/id/1006/800/800','https://picsum.photos/id/10/800/800,https://picsum.photos/id/1005/800/800,https://picsum.photos/id/1003/800/800','这是第54号商品的描述','<p>这是第54号商品的详细描述</p>',1,'2025-03-25 18:43:52','2025-04-22 18:43:52','https://picsum.photos/id/26/800/800',0,754),(439,17,'精品童装410',808.82,982.89,58,111,'https://picsum.photos/id/1005/800/800','https://picsum.photos/id/100/800/800,https://picsum.photos/id/1/800/800,https://picsum.photos/id/1002/800/800','这是第55号商品的描述','<p>这是第55号商品的详细描述</p>',1,'2025-04-10 18:43:52','2025-04-22 18:43:52','https://picsum.photos/id/27/800/800',0,595),(440,14,'新款男装638',873.33,550.58,71,726,'https://picsum.photos/id/1001/800/800','https://picsum.photos/id/1/800/800,https://picsum.photos/id/1001/800/800,https://picsum.photos/id/1006/800/800','这是第56号商品的描述','<p>这是第56号商品的详细描述</p>',1,'2025-04-10 18:43:52','2025-04-22 18:43:52','https://picsum.photos/id/23/800/800',0,271),(441,7,'新款电脑956',835.78,339.01,11,546,'https://picsum.photos/id/1001/800/800','https://picsum.photos/id/1003/800/800,https://picsum.photos/id/1/800/800,https://picsum.photos/id/100/800/800','这是第57号商品的描述','<p>这是第57号商品的详细描述</p>',1,'2025-03-24 18:43:52','2025-04-22 18:43:52','https://picsum.photos/id/23/800/800',0,368),(442,17,'时尚男装104',235.86,989.55,80,662,'https://picsum.photos/id/1005/800/800','https://picsum.photos/id/1003/800/800,https://picsum.photos/id/1004/800/800,https://picsum.photos/id/1006/800/800','这是第58号商品的描述','<p>这是第58号商品的详细描述</p>',1,'2025-04-12 18:43:52','2025-04-22 18:43:52','https://picsum.photos/id/24/800/800',0,928),(443,14,'精品手机675',210.34,1144.33,61,131,'https://picsum.photos/id/1005/800/800','https://picsum.photos/id/1006/800/800,https://picsum.photos/id/1004/800/800,https://picsum.photos/id/1004/800/800','这是第59号商品的描述','<p>这是第59号商品的详细描述</p>',1,'2025-04-04 18:43:52','2025-04-22 18:43:52','https://picsum.photos/id/26/800/800',0,744),(444,17,'精品男装214',888.39,924.53,15,860,'https://picsum.photos/id/1005/800/800','https://picsum.photos/id/1000/800/800,https://picsum.photos/id/100/800/800,https://picsum.photos/id/1/800/800','这是第60号商品的描述','<p>这是第60号商品的详细描述</p>',1,'2025-04-07 18:43:52','2025-04-22 18:43:52','https://picsum.photos/id/25/800/800',0,402),(445,12,'时尚童装880',941.60,88.65,30,23,'https://picsum.photos/id/100/800/800','https://picsum.photos/id/10/800/800,https://picsum.photos/id/1005/800/800,https://picsum.photos/id/1003/800/800','这是第61号商品的描述','<p>这是第61号商品的详细描述</p>',1,'2025-03-28 18:43:52','2025-04-22 18:43:52','https://picsum.photos/id/29/800/800',0,215),(446,13,'精品童装427',870.37,87.76,31,474,'https://picsum.photos/id/1001/800/800','https://picsum.photos/id/100/800/800,https://picsum.photos/id/100/800/800,https://picsum.photos/id/1001/800/800','这是第62号商品的描述','<p>这是第62号商品的详细描述</p>',1,'2025-04-13 18:43:52','2025-04-22 18:43:52','https://picsum.photos/id/27/800/800',0,317),(447,14,'精品手机457',220.97,883.08,7,889,'https://picsum.photos/id/100/800/800','https://picsum.photos/id/1001/800/800,https://picsum.photos/id/1005/800/800,https://picsum.photos/id/1/800/800','这是第63号商品的描述','<p>这是第63号商品的详细描述</p>',1,'2025-04-04 18:43:52','2025-04-22 18:43:52','https://picsum.photos/id/24/800/800',0,916),(448,15,'时尚男装387',553.34,676.31,57,101,'https://picsum.photos/id/1004/800/800','https://picsum.photos/id/1000/800/800,https://picsum.photos/id/10/800/800,https://picsum.photos/id/1005/800/800','这是第64号商品的描述','<p>这是第64号商品的详细描述</p>',1,'2025-03-30 18:43:52','2025-04-22 18:43:52','https://picsum.photos/id/25/800/800',0,326),(449,9,'精品男装43',138.73,598.82,48,790,'https://picsum.photos/id/1002/800/800','https://picsum.photos/id/10/800/800,https://picsum.photos/id/1001/800/800,https://picsum.photos/id/1005/800/800','这是第65号商品的描述','<p>这是第65号商品的详细描述</p>',1,'2025-03-31 18:43:52','2025-04-22 18:43:52','https://picsum.photos/id/21/800/800',0,312),(450,9,'高端女装822',500.26,22.97,77,175,'https://picsum.photos/id/1002/800/800','https://picsum.photos/id/1004/800/800,https://picsum.photos/id/1/800/800,https://picsum.photos/id/1004/800/800','这是第66号商品的描述','<p>这是第66号商品的详细描述</p>',1,'2025-04-01 18:43:52','2025-04-22 18:43:52','https://picsum.photos/id/22/800/800',0,339),(451,12,'新款手机153',918.34,174.73,5,608,'https://picsum.photos/id/1005/800/800','https://picsum.photos/id/100/800/800,https://picsum.photos/id/1002/800/800,https://picsum.photos/id/1004/800/800','这是第67号商品的描述','<p>这是第67号商品的详细描述</p>',1,'2025-04-10 18:43:52','2025-04-22 18:43:52','https://picsum.photos/id/25/800/800',0,714),(452,10,'高端童装931',219.75,336.82,64,171,'https://picsum.photos/id/1006/800/800','https://picsum.photos/id/1002/800/800,https://picsum.photos/id/1004/800/800,https://picsum.photos/id/1004/800/800','这是第68号商品的描述','<p>这是第68号商品的详细描述</p>',1,'2025-04-01 18:43:52','2025-04-22 18:43:52','https://picsum.photos/id/20/800/800',0,348),(453,13,'新款电脑446',485.47,88.81,12,40,'https://picsum.photos/id/1005/800/800','https://picsum.photos/id/1002/800/800,https://picsum.photos/id/1006/800/800,https://picsum.photos/id/1005/800/800','这是第69号商品的描述','<p>这是第69号商品的详细描述</p>',1,'2025-04-09 18:43:52','2025-04-22 18:43:52','https://picsum.photos/id/20/800/800',0,764),(454,11,'热销男装926',293.44,771.64,2,941,'https://picsum.photos/id/1003/800/800','https://picsum.photos/id/1004/800/800,https://picsum.photos/id/1004/800/800,https://picsum.photos/id/1000/800/800','这是第70号商品的描述','<p>这是第70号商品的详细描述</p>',1,'2025-04-02 18:43:52','2025-04-22 18:43:52','https://picsum.photos/id/23/800/800',0,288),(455,11,'时尚手机166',578.57,428.31,59,552,'https://picsum.photos/id/1006/800/800','https://picsum.photos/id/1/800/800,https://picsum.photos/id/1005/800/800,https://picsum.photos/id/1005/800/800','这是第71号商品的描述','<p>这是第71号商品的详细描述</p>',1,'2025-03-28 18:43:52','2025-04-22 18:43:52','https://picsum.photos/id/21/800/800',0,616),(456,13,'热销男装748',366.28,691.02,78,857,'https://picsum.photos/id/1006/800/800','https://picsum.photos/id/1003/800/800,https://picsum.photos/id/1005/800/800,https://picsum.photos/id/1000/800/800','这是第72号商品的描述','<p>这是第72号商品的详细描述</p>',1,'2025-04-14 18:43:52','2025-04-22 18:43:52','https://picsum.photos/id/20/800/800',0,398),(457,7,'精品男装677',91.64,474.65,11,622,'https://picsum.photos/id/1004/800/800','https://picsum.photos/id/1002/800/800,https://picsum.photos/id/1005/800/800,https://picsum.photos/id/1004/800/800','这是第73号商品的描述','<p>这是第73号商品的详细描述</p>',1,'2025-04-14 18:43:52','2025-04-22 18:43:52','https://picsum.photos/id/29/800/800',0,965),(458,6,'精品男装472',292.67,22.27,92,72,'https://picsum.photos/id/1002/800/800','https://picsum.photos/id/1002/800/800,https://picsum.photos/id/1005/800/800,https://picsum.photos/id/1001/800/800','这是第74号商品的描述','<p>这是第74号商品的详细描述</p>',1,'2025-04-02 18:43:52','2025-04-22 18:43:52','https://picsum.photos/id/26/800/800',0,150),(459,14,'热销电脑393',363.47,783.20,92,768,'https://picsum.photos/id/1/800/800','https://picsum.photos/id/10/800/800,https://picsum.photos/id/1002/800/800,https://picsum.photos/id/1000/800/800','这是第75号商品的描述','<p>这是第75号商品的详细描述</p>',1,'2025-03-27 18:43:52','2025-04-22 18:43:52','https://picsum.photos/id/20/800/800',0,447),(460,13,'新款手机563',598.37,350.75,23,336,'https://picsum.photos/id/1006/800/800','https://picsum.photos/id/1000/800/800,https://picsum.photos/id/100/800/800,https://picsum.photos/id/10/800/800','这是第76号商品的描述','<p>这是第76号商品的详细描述</p>',1,'2025-03-29 18:43:52','2025-04-22 18:43:52','https://picsum.photos/id/28/800/800',0,761),(461,10,'高端童装903',62.03,677.88,33,902,'https://picsum.photos/id/1001/800/800','https://picsum.photos/id/1000/800/800,https://picsum.photos/id/100/800/800,https://picsum.photos/id/1000/800/800','这是第77号商品的描述','<p>这是第77号商品的详细描述</p>',1,'2025-04-21 18:43:52','2025-04-22 18:43:52','https://picsum.photos/id/27/800/800',0,169),(462,14,'热销手机396',58.34,70.43,43,831,'https://picsum.photos/id/1005/800/800','https://picsum.photos/id/1/800/800,https://picsum.photos/id/10/800/800,https://picsum.photos/id/1002/800/800','这是第78号商品的描述','<p>这是第78号商品的详细描述</p>',1,'2025-04-17 18:43:52','2025-04-22 18:43:52','https://picsum.photos/id/27/800/800',0,376),(463,10,'高端女装429',62.82,1221.20,73,489,'https://picsum.photos/id/100/800/800','https://picsum.photos/id/1004/800/800,https://picsum.photos/id/1002/800/800,https://picsum.photos/id/1001/800/800','这是第79号商品的描述','<p>这是第79号商品的详细描述</p>',1,'2025-04-02 18:43:52','2025-04-22 18:43:52','https://picsum.photos/id/26/800/800',0,19),(464,7,'精品手机934',841.96,480.89,13,260,'https://picsum.photos/id/1006/800/800','https://picsum.photos/id/10/800/800,https://picsum.photos/id/1000/800/800,https://picsum.photos/id/1001/800/800','这是第80号商品的描述','<p>这是第80号商品的详细描述</p>',1,'2025-03-24 18:43:52','2025-04-22 18:43:52','https://picsum.photos/id/27/800/800',0,600),(465,7,'新款男装823',573.39,433.23,72,132,'https://picsum.photos/id/1001/800/800','https://picsum.photos/id/1001/800/800,https://picsum.photos/id/1001/800/800,https://picsum.photos/id/1/800/800','这是第81号商品的描述','<p>这是第81号商品的详细描述</p>',1,'2025-04-07 18:43:52','2025-04-22 18:43:52','https://picsum.photos/id/29/800/800',0,638),(466,13,'时尚手机432',896.14,213.69,51,922,'https://picsum.photos/id/1/800/800','https://picsum.photos/id/1006/800/800,https://picsum.photos/id/1005/800/800,https://picsum.photos/id/10/800/800','这是第82号商品的描述','<p>这是第82号商品的详细描述</p>',1,'2025-04-05 18:43:52','2025-04-22 18:43:52','https://picsum.photos/id/26/800/800',0,261),(467,13,'时尚男装403',425.36,1008.31,22,576,'https://picsum.photos/id/100/800/800','https://picsum.photos/id/10/800/800,https://picsum.photos/id/1003/800/800,https://picsum.photos/id/1004/800/800','这是第83号商品的描述','<p>这是第83号商品的详细描述</p>',1,'2025-03-30 18:43:52','2025-04-22 18:43:52','https://picsum.photos/id/23/800/800',0,700),(468,8,'新款电脑833',232.21,740.29,28,133,'https://picsum.photos/id/1005/800/800','https://picsum.photos/id/1005/800/800,https://picsum.photos/id/1001/800/800,https://picsum.photos/id/1002/800/800','这是第84号商品的描述','<p>这是第84号商品的详细描述</p>',1,'2025-04-09 18:43:52','2025-04-22 18:43:52','https://picsum.photos/id/26/800/800',0,630),(469,15,'热销童装247',990.59,243.82,77,628,'https://picsum.photos/id/1005/800/800','https://picsum.photos/id/1002/800/800,https://picsum.photos/id/100/800/800,https://picsum.photos/id/1000/800/800','这是第85号商品的描述','<p>这是第85号商品的详细描述</p>',1,'2025-04-21 18:43:52','2025-04-22 18:43:52','https://picsum.photos/id/22/800/800',0,277),(470,8,'精品手机434',254.27,1190.82,73,966,'https://picsum.photos/id/1003/800/800','https://picsum.photos/id/100/800/800,https://picsum.photos/id/1001/800/800,https://picsum.photos/id/1000/800/800','这是第86号商品的描述','<p>这是第86号商品的详细描述</p>',1,'2025-03-31 18:43:52','2025-04-22 18:43:52','https://picsum.photos/id/22/800/800',0,567),(471,13,'精品童装630',729.52,896.74,40,464,'https://picsum.photos/id/1/800/800','https://picsum.photos/id/10/800/800,https://picsum.photos/id/1001/800/800,https://picsum.photos/id/1003/800/800','这是第87号商品的描述','<p>这是第87号商品的详细描述</p>',1,'2025-04-20 18:43:52','2025-04-22 18:43:52','https://picsum.photos/id/20/800/800',0,482),(472,7,'时尚童装809',666.64,1057.42,57,553,'https://picsum.photos/id/1/800/800','https://picsum.photos/id/1000/800/800,https://picsum.photos/id/10/800/800,https://picsum.photos/id/1003/800/800','这是第88号商品的描述','<p>这是第88号商品的详细描述</p>',1,'2025-03-26 18:43:52','2025-04-22 18:43:52','https://picsum.photos/id/24/800/800',0,639),(473,11,'精品电脑159',839.33,787.62,3,65,'https://picsum.photos/id/100/800/800','https://picsum.photos/id/1/800/800,https://picsum.photos/id/1002/800/800,https://picsum.photos/id/1003/800/800','这是第89号商品的描述','<p>这是第89号商品的详细描述</p>',1,'2025-04-06 18:43:52','2025-04-22 18:43:52','https://picsum.photos/id/29/800/800',0,817),(474,11,'高端童装917',74.14,708.33,58,942,'https://picsum.photos/id/1006/800/800','https://picsum.photos/id/1006/800/800,https://picsum.photos/id/1006/800/800,https://picsum.photos/id/1/800/800','这是第90号商品的描述','<p>这是第90号商品的详细描述</p>',1,'2025-04-19 18:43:52','2025-04-22 18:43:52','https://picsum.photos/id/29/800/800',0,597),(475,13,'时尚电脑250',461.01,609.96,71,799,'https://picsum.photos/id/1005/800/800','https://picsum.photos/id/1005/800/800,https://picsum.photos/id/1001/800/800,https://picsum.photos/id/1/800/800','这是第91号商品的描述','<p>这是第91号商品的详细描述</p>',1,'2025-04-05 18:43:52','2025-04-22 18:43:52','https://picsum.photos/id/28/800/800',0,804),(476,10,'时尚电脑802',450.04,1017.52,23,988,'https://picsum.photos/id/100/800/800','https://picsum.photos/id/10/800/800,https://picsum.photos/id/10/800/800,https://picsum.photos/id/100/800/800','这是第92号商品的描述','<p>这是第92号商品的详细描述</p>',1,'2025-03-25 18:43:52','2025-04-22 18:43:52','https://picsum.photos/id/21/800/800',0,928),(477,16,'精品电脑727',920.56,491.06,35,814,'https://picsum.photos/id/1/800/800','https://picsum.photos/id/1006/800/800,https://picsum.photos/id/1006/800/800,https://picsum.photos/id/1005/800/800','这是第93号商品的描述','<p>这是第93号商品的详细描述</p>',1,'2025-04-04 18:43:52','2025-04-22 18:43:52','https://picsum.photos/id/25/800/800',0,416),(478,8,'热销手机137',411.27,785.86,43,613,'https://picsum.photos/id/1004/800/800','https://picsum.photos/id/1001/800/800,https://picsum.photos/id/1001/800/800,https://picsum.photos/id/1006/800/800','这是第94号商品的描述','<p>这是第94号商品的详细描述</p>',1,'2025-04-11 18:43:52','2025-04-22 18:43:52','https://picsum.photos/id/29/800/800',0,55),(479,7,'高端手机496',234.01,779.96,74,119,'https://picsum.photos/id/1000/800/800','https://picsum.photos/id/100/800/800,https://picsum.photos/id/1004/800/800,https://picsum.photos/id/10/800/800','这是第95号商品的描述','<p>这是第95号商品的详细描述</p>',1,'2025-04-12 18:43:52','2025-04-22 18:43:52','https://picsum.photos/id/24/800/800',0,381),(480,16,'时尚电脑993',440.91,252.75,79,945,'https://picsum.photos/id/1000/800/800','https://picsum.photos/id/1000/800/800,https://picsum.photos/id/1006/800/800,https://picsum.photos/id/1/800/800','这是第96号商品的描述','<p>这是第96号商品的详细描述</p>',1,'2025-04-21 18:43:52','2025-04-22 18:43:52','https://picsum.photos/id/28/800/800',0,276),(481,8,'时尚女装921',735.39,1042.03,77,980,'https://picsum.photos/id/1002/800/800','https://picsum.photos/id/10/800/800,https://picsum.photos/id/1005/800/800,https://picsum.photos/id/1002/800/800','这是第97号商品的描述','<p>这是第97号商品的详细描述</p>',1,'2025-04-06 18:43:52','2025-04-22 18:43:52','https://picsum.photos/id/29/800/800',0,950),(482,7,'新款女装926',10.44,257.64,87,52,'https://picsum.photos/id/1003/800/800','https://picsum.photos/id/100/800/800,https://picsum.photos/id/1/800/800,https://picsum.photos/id/1003/800/800','这是第98号商品的描述','<p>这是第98号商品的详细描述</p>',1,'2025-04-18 18:43:52','2025-04-22 18:43:52','https://picsum.photos/id/20/800/800',0,769),(483,10,'高端童装151',118.64,118.32,45,846,'https://picsum.photos/id/1005/800/800','https://picsum.photos/id/10/800/800,https://picsum.photos/id/1003/800/800,https://picsum.photos/id/1003/800/800','这是第99号商品的描述','<p>这是第99号商品的详细描述</p>',1,'2025-04-16 18:43:52','2025-04-22 18:43:52','https://picsum.photos/id/27/800/800',0,162),(484,8,'高端男装501',466.97,989.24,76,928,'https://picsum.photos/id/1000/800/800','https://picsum.photos/id/1003/800/800,https://picsum.photos/id/100/800/800,https://picsum.photos/id/1001/800/800','这是第100号商品的描述','<p>这是第100号商品的详细描述</p>',1,'2025-04-06 18:43:52','2025-04-22 18:43:52','https://picsum.photos/id/29/800/800',0,394),(512,9,'精品童装88',658.05,19.80,35,541,'https://picsum.photos/id/1003/800/800','https://picsum.photos/id/1/800/800,https://picsum.photos/id/1003/800/800,https://picsum.photos/id/1006/800/800','这是第1号商品的描述','<p>这是第1号商品的详细描述</p>',1,'2025-03-30 18:44:46','2025-04-22 18:44:46','https://picsum.photos/id/26/800/800',1,27),(513,16,'时尚电脑3',503.14,620.15,6,645,'https://picsum.photos/id/1/800/800','https://picsum.photos/id/1003/800/800,https://picsum.photos/id/1006/800/800,https://picsum.photos/id/1002/800/800','这是第2号商品的描述','<p>这是第2号商品的详细描述</p>',1,'2025-03-25 18:44:46','2025-04-22 18:44:46','https://picsum.photos/id/21/800/800',1,172),(514,18,'高端女装214',123.22,1075.44,68,552,'https://picsum.photos/id/1004/800/800','https://picsum.photos/id/10/800/800,https://picsum.photos/id/1000/800/800,https://picsum.photos/id/10/800/800','这是第3号商品的描述','<p>这是第3号商品的详细描述</p>',1,'2025-03-31 18:44:46','2025-04-22 18:44:46','https://picsum.photos/id/28/800/800',1,242),(515,18,'精品男装287',841.19,389.24,81,590,'https://picsum.photos/id/1001/800/800','https://picsum.photos/id/10/800/800,https://picsum.photos/id/1001/800/800,https://picsum.photos/id/1005/800/800','这是第4号商品的描述','<p>这是第4号商品的详细描述</p>',1,'2025-04-21 18:44:46','2025-04-22 18:44:46','https://picsum.photos/id/27/800/800',1,557),(516,14,'新款童装960',601.78,144.48,38,696,'https://picsum.photos/id/1000/800/800','https://picsum.photos/id/1005/800/800,https://picsum.photos/id/1001/800/800,https://picsum.photos/id/1003/800/800','这是第5号商品的描述','<p>这是第5号商品的详细描述</p>',1,'2025-03-28 18:44:46','2025-04-22 18:44:46','https://picsum.photos/id/25/800/800',1,456),(517,14,'时尚女装39',468.60,252.79,42,332,'https://picsum.photos/id/1000/800/800','https://picsum.photos/id/100/800/800,https://picsum.photos/id/1003/800/800,https://picsum.photos/id/1002/800/800','这是第6号商品的描述','<p>这是第6号商品的详细描述</p>',1,'2025-03-25 18:44:46','2025-04-22 18:44:46','https://picsum.photos/id/28/800/800',1,903),(518,15,'热销男装738',548.74,654.80,98,210,'https://picsum.photos/id/10/800/800','https://picsum.photos/id/10/800/800,https://picsum.photos/id/1/800/800,https://picsum.photos/id/1/800/800','这是第7号商品的描述','<p>这是第7号商品的详细描述</p>',1,'2025-03-30 18:44:46','2025-04-22 18:44:46','https://picsum.photos/id/28/800/800',1,924),(519,9,'高端女装556',706.68,956.30,9,111,'https://picsum.photos/id/100/800/800','https://picsum.photos/id/1/800/800,https://picsum.photos/id/1001/800/800,https://picsum.photos/id/1005/800/800','这是第8号商品的描述','<p>这是第8号商品的详细描述</p>',1,'2025-03-24 18:44:46','2025-04-22 18:44:46','https://picsum.photos/id/29/800/800',1,340),(520,16,'热销女装676',503.12,586.19,63,784,'https://picsum.photos/id/1/800/800','https://picsum.photos/id/1000/800/800,https://picsum.photos/id/1003/800/800,https://picsum.photos/id/10/800/800','这是第9号商品的描述','<p>这是第9号商品的详细描述</p>',1,'2025-03-28 18:44:46','2025-04-22 18:44:46','https://picsum.photos/id/26/800/800',1,840),(521,14,'新款女装769',821.20,943.89,2,713,'https://picsum.photos/id/1001/800/800','https://picsum.photos/id/1005/800/800,https://picsum.photos/id/1001/800/800,https://picsum.photos/id/1004/800/800','这是第10号商品的描述','<p>这是第10号商品的详细描述</p>',1,'2025-04-06 18:44:46','2025-04-22 18:44:46','https://picsum.photos/id/22/800/800',1,378),(522,9,'时尚手机290',322.88,868.91,86,537,'https://picsum.photos/id/1/800/800','https://picsum.photos/id/1005/800/800,https://picsum.photos/id/1003/800/800,https://picsum.photos/id/1003/800/800','这是第11号商品的描述','<p>这是第11号商品的详细描述</p>',1,'2025-04-13 18:44:46','2025-04-22 18:44:46','https://picsum.photos/id/28/800/800',0,752),(523,16,'高端手机459',365.84,466.42,79,938,'https://picsum.photos/id/1000/800/800','https://picsum.photos/id/1005/800/800,https://picsum.photos/id/1006/800/800,https://picsum.photos/id/100/800/800','这是第12号商品的描述','<p>这是第12号商品的详细描述</p>',1,'2025-04-16 18:44:46','2025-04-22 18:44:46','https://picsum.photos/id/27/800/800',0,389),(524,10,'高端童装90',890.99,212.53,55,139,'https://picsum.photos/id/1/800/800','https://picsum.photos/id/1000/800/800,https://picsum.photos/id/1005/800/800,https://picsum.photos/id/1005/800/800','这是第13号商品的描述','<p>这是第13号商品的详细描述</p>',1,'2025-04-22 18:44:46','2025-04-22 18:44:46','https://picsum.photos/id/26/800/800',0,476),(525,9,'时尚童装410',448.94,1204.05,5,449,'https://picsum.photos/id/1/800/800','https://picsum.photos/id/1000/800/800,https://picsum.photos/id/1000/800/800,https://picsum.photos/id/1003/800/800','这是第14号商品的描述','<p>这是第14号商品的详细描述</p>',1,'2025-04-10 18:44:46','2025-04-22 18:44:46','https://picsum.photos/id/21/800/800',0,74),(526,7,'时尚手机634',287.73,618.36,74,784,'https://picsum.photos/id/1003/800/800','https://picsum.photos/id/100/800/800,https://picsum.photos/id/10/800/800,https://picsum.photos/id/10/800/800','这是第15号商品的描述','<p>这是第15号商品的详细描述</p>',1,'2025-04-20 18:44:46','2025-04-22 18:44:46','https://picsum.photos/id/20/800/800',0,65),(527,6,'时尚男装79',295.30,235.67,9,68,'https://picsum.photos/id/1/800/800','https://picsum.photos/id/1/800/800,https://picsum.photos/id/10/800/800,https://picsum.photos/id/1001/800/800','这是第16号商品的描述','<p>这是第16号商品的详细描述</p>',1,'2025-04-21 18:44:46','2025-04-22 18:44:46','https://picsum.photos/id/20/800/800',0,727),(528,12,'高端电脑719',95.14,313.73,70,220,'https://picsum.photos/id/1006/800/800','https://picsum.photos/id/100/800/800,https://picsum.photos/id/1002/800/800,https://picsum.photos/id/10/800/800','这是第17号商品的描述','<p>这是第17号商品的详细描述</p>',1,'2025-03-27 18:44:46','2025-04-22 18:44:46','https://picsum.photos/id/22/800/800',0,14),(529,11,'时尚童装821',737.98,279.41,63,607,'https://picsum.photos/id/10/800/800','https://picsum.photos/id/1005/800/800,https://picsum.photos/id/1005/800/800,https://picsum.photos/id/1001/800/800','这是第18号商品的描述','<p>这是第18号商品的详细描述</p>',1,'2025-03-27 18:44:46','2025-04-22 18:44:46','https://picsum.photos/id/28/800/800',0,984),(530,9,'高端手机677',481.60,414.69,54,788,'https://picsum.photos/id/100/800/800','https://picsum.photos/id/1003/800/800,https://picsum.photos/id/1006/800/800,https://picsum.photos/id/1003/800/800','这是第19号商品的描述','<p>这是第19号商品的详细描述</p>',1,'2025-04-05 18:44:46','2025-04-22 18:44:46','https://picsum.photos/id/21/800/800',0,884),(531,14,'新款电脑7',418.69,67.92,75,826,'https://picsum.photos/id/1005/800/800','https://picsum.photos/id/1006/800/800,https://picsum.photos/id/1005/800/800,https://picsum.photos/id/1003/800/800','这是第20号商品的描述','<p>这是第20号商品的详细描述</p>',1,'2025-03-30 18:44:46','2025-04-22 18:44:46','https://picsum.photos/id/29/800/800',0,883),(532,6,'高端童装848',809.46,548.41,68,317,'https://picsum.photos/id/1002/800/800','https://picsum.photos/id/10/800/800,https://picsum.photos/id/1003/800/800,https://picsum.photos/id/1002/800/800','这是第21号商品的描述','<p>这是第21号商品的详细描述</p>',1,'2025-03-28 18:44:46','2025-04-22 18:44:46','https://picsum.photos/id/27/800/800',0,702),(533,17,'高端童装321',997.70,36.27,52,290,'https://picsum.photos/id/1005/800/800','https://picsum.photos/id/1003/800/800,https://picsum.photos/id/1006/800/800,https://picsum.photos/id/1006/800/800','这是第22号商品的描述','<p>这是第22号商品的详细描述</p>',1,'2025-03-28 18:44:46','2025-04-22 18:44:46','https://picsum.photos/id/24/800/800',0,369),(534,9,'精品手机257',410.85,287.22,46,177,'https://picsum.photos/id/1002/800/800','https://picsum.photos/id/1001/800/800,https://picsum.photos/id/10/800/800,https://picsum.photos/id/1002/800/800','这是第23号商品的描述','<p>这是第23号商品的详细描述</p>',1,'2025-04-10 18:44:46','2025-04-22 18:44:46','https://picsum.photos/id/29/800/800',0,250),(535,6,'高端女装244',185.08,181.53,65,594,'https://picsum.photos/id/1/800/800','https://picsum.photos/id/1001/800/800,https://picsum.photos/id/1002/800/800,https://picsum.photos/id/1/800/800','这是第24号商品的描述','<p>这是第24号商品的详细描述</p>',1,'2025-03-27 18:44:46','2025-04-22 18:44:46','https://picsum.photos/id/23/800/800',0,237),(536,12,'新款女装198',125.20,1197.66,92,918,'https://picsum.photos/id/1005/800/800','https://picsum.photos/id/1005/800/800,https://picsum.photos/id/1001/800/800,https://picsum.photos/id/1004/800/800','这是第25号商品的描述','<p>这是第25号商品的详细描述</p>',1,'2025-04-12 18:44:46','2025-04-22 18:44:46','https://picsum.photos/id/22/800/800',0,597),(537,17,'新款童装820',460.19,1009.16,4,156,'https://picsum.photos/id/1003/800/800','https://picsum.photos/id/1003/800/800,https://picsum.photos/id/1006/800/800,https://picsum.photos/id/1/800/800','这是第26号商品的描述','<p>这是第26号商品的详细描述</p>',1,'2025-04-16 18:44:46','2025-04-22 18:44:46','https://picsum.photos/id/27/800/800',0,66),(538,14,'热销电脑805',206.60,674.23,73,777,'https://picsum.photos/id/1003/800/800','https://picsum.photos/id/1002/800/800,https://picsum.photos/id/1001/800/800,https://picsum.photos/id/1003/800/800','这是第27号商品的描述','<p>这是第27号商品的详细描述</p>',1,'2025-03-28 18:44:46','2025-04-22 18:44:46','https://picsum.photos/id/21/800/800',0,304),(539,18,'热销童装76',744.75,554.02,47,821,'https://picsum.photos/id/1003/800/800','https://picsum.photos/id/1003/800/800,https://picsum.photos/id/1002/800/800,https://picsum.photos/id/1003/800/800','这是第28号商品的描述','<p>这是第28号商品的详细描述</p>',1,'2025-03-30 18:44:46','2025-04-22 18:44:46','https://picsum.photos/id/29/800/800',0,894),(540,7,'热销电脑77',616.32,967.59,8,462,'https://picsum.photos/id/1/800/800','https://picsum.photos/id/1002/800/800,https://picsum.photos/id/1/800/800,https://picsum.photos/id/1002/800/800','这是第29号商品的描述','<p>这是第29号商品的详细描述</p>',1,'2025-04-10 18:44:46','2025-04-22 18:44:46','https://picsum.photos/id/29/800/800',0,591),(541,14,'高端电脑382',473.01,241.93,20,342,'https://picsum.photos/id/10/800/800','https://picsum.photos/id/100/800/800,https://picsum.photos/id/1002/800/800,https://picsum.photos/id/100/800/800','这是第30号商品的描述','<p>这是第30号商品的详细描述</p>',1,'2025-04-07 18:44:46','2025-04-22 18:44:46','https://picsum.photos/id/25/800/800',0,880),(542,16,'高端手机85',424.45,1075.46,10,756,'https://picsum.photos/id/1001/800/800','https://picsum.photos/id/1006/800/800,https://picsum.photos/id/1002/800/800,https://picsum.photos/id/1004/800/800','这是第31号商品的描述','<p>这是第31号商品的详细描述</p>',1,'2025-04-18 18:44:46','2025-04-22 18:44:46','https://picsum.photos/id/20/800/800',0,485),(543,6,'新款男装178',890.90,1171.87,76,135,'https://picsum.photos/id/1000/800/800','https://picsum.photos/id/10/800/800,https://picsum.photos/id/1000/800/800,https://picsum.photos/id/10/800/800','这是第32号商品的描述','<p>这是第32号商品的详细描述</p>',1,'2025-03-28 18:44:46','2025-04-22 18:44:46','https://picsum.photos/id/24/800/800',0,841),(544,14,'高端电脑125',739.43,367.92,73,679,'https://picsum.photos/id/10/800/800','https://picsum.photos/id/1/800/800,https://picsum.photos/id/1002/800/800,https://picsum.photos/id/1001/800/800','这是第33号商品的描述','<p>这是第33号商品的详细描述</p>',1,'2025-04-01 18:44:46','2025-04-22 18:44:46','https://picsum.photos/id/29/800/800',0,144),(545,13,'新款女装301',830.96,308.76,85,142,'https://picsum.photos/id/10/800/800','https://picsum.photos/id/1005/800/800,https://picsum.photos/id/1002/800/800,https://picsum.photos/id/10/800/800','这是第34号商品的描述','<p>这是第34号商品的详细描述</p>',1,'2025-04-21 18:44:46','2025-04-22 18:44:46','https://picsum.photos/id/22/800/800',0,871),(546,8,'精品男装165',763.29,360.60,33,909,'https://picsum.photos/id/1002/800/800','https://picsum.photos/id/1001/800/800,https://picsum.photos/id/10/800/800,https://picsum.photos/id/1001/800/800','这是第35号商品的描述','<p>这是第35号商品的详细描述</p>',1,'2025-03-29 18:44:46','2025-04-22 18:44:46','https://picsum.photos/id/20/800/800',0,737),(547,8,'热销手机22',922.40,701.18,5,487,'https://picsum.photos/id/100/800/800','https://picsum.photos/id/1001/800/800,https://picsum.photos/id/1002/800/800,https://picsum.photos/id/1001/800/800','这是第36号商品的描述','<p>这是第36号商品的详细描述</p>',1,'2025-04-09 18:44:46','2025-04-22 18:44:46','https://picsum.photos/id/28/800/800',0,0),(548,14,'精品电脑38',704.86,509.74,14,135,'https://picsum.photos/id/100/800/800','https://picsum.photos/id/100/800/800,https://picsum.photos/id/1003/800/800,https://picsum.photos/id/1004/800/800','这是第37号商品的描述','<p>这是第37号商品的详细描述</p>',1,'2025-04-01 18:44:46','2025-04-22 18:44:46','https://picsum.photos/id/27/800/800',0,298),(549,10,'热销手机754',576.54,695.58,57,65,'https://picsum.photos/id/1002/800/800','https://picsum.photos/id/1/800/800,https://picsum.photos/id/10/800/800,https://picsum.photos/id/1001/800/800','这是第38号商品的描述','<p>这是第38号商品的详细描述</p>',1,'2025-04-01 18:44:46','2025-04-22 18:44:46','https://picsum.photos/id/27/800/800',0,363),(550,14,'时尚女装73',692.84,263.83,68,222,'https://picsum.photos/id/1/800/800','https://picsum.photos/id/1003/800/800,https://picsum.photos/id/1001/800/800,https://picsum.photos/id/100/800/800','这是第39号商品的描述','<p>这是第39号商品的详细描述</p>',1,'2025-04-17 18:44:46','2025-04-22 18:44:46','https://picsum.photos/id/25/800/800',0,69),(551,16,'新款男装98',433.37,1086.11,12,844,'https://picsum.photos/id/1005/800/800','https://picsum.photos/id/1004/800/800,https://picsum.photos/id/1006/800/800,https://picsum.photos/id/1001/800/800','这是第40号商品的描述','<p>这是第40号商品的详细描述</p>',1,'2025-04-08 18:44:46','2025-04-22 18:44:46','https://picsum.photos/id/26/800/800',0,992),(552,12,'高端女装373',274.67,258.65,74,873,'https://picsum.photos/id/10/800/800','https://picsum.photos/id/1/800/800,https://picsum.photos/id/10/800/800,https://picsum.photos/id/100/800/800','这是第41号商品的描述','<p>这是第41号商品的详细描述</p>',1,'2025-04-21 18:44:46','2025-04-22 18:44:46','https://picsum.photos/id/21/800/800',0,458),(553,7,'精品电脑697',813.44,1137.90,6,141,'https://picsum.photos/id/1002/800/800','https://picsum.photos/id/100/800/800,https://picsum.photos/id/1004/800/800,https://picsum.photos/id/1005/800/800','这是第42号商品的描述','<p>这是第42号商品的详细描述</p>',1,'2025-04-16 18:44:46','2025-04-22 18:44:46','https://picsum.photos/id/21/800/800',0,433),(554,13,'精品女装552',727.05,1185.89,34,788,'https://picsum.photos/id/1006/800/800','https://picsum.photos/id/1/800/800,https://picsum.photos/id/1006/800/800,https://picsum.photos/id/1001/800/800','这是第43号商品的描述','<p>这是第43号商品的详细描述</p>',1,'2025-04-07 18:44:46','2025-04-22 18:44:46','https://picsum.photos/id/21/800/800',0,241),(555,13,'精品手机854',989.78,503.95,61,193,'https://picsum.photos/id/10/800/800','https://picsum.photos/id/10/800/800,https://picsum.photos/id/100/800/800,https://picsum.photos/id/1005/800/800','这是第44号商品的描述','<p>这是第44号商品的详细描述</p>',1,'2025-04-11 18:44:46','2025-04-22 18:44:46','https://picsum.photos/id/21/800/800',0,487),(556,9,'热销电脑435',632.94,975.76,1,148,'https://picsum.photos/id/1004/800/800','https://picsum.photos/id/10/800/800,https://picsum.photos/id/1005/800/800,https://picsum.photos/id/1001/800/800','这是第45号商品的描述','<p>这是第45号商品的详细描述</p>',1,'2025-03-27 18:44:46','2025-04-22 18:44:46','https://picsum.photos/id/20/800/800',0,8),(557,11,'热销手机682',234.22,117.28,46,103,'https://picsum.photos/id/10/800/800','https://picsum.photos/id/1006/800/800,https://picsum.photos/id/10/800/800,https://picsum.photos/id/1003/800/800','这是第46号商品的描述','<p>这是第46号商品的详细描述</p>',1,'2025-04-21 18:44:46','2025-04-22 18:44:46','https://picsum.photos/id/22/800/800',0,224),(558,18,'时尚童装57',950.16,643.23,44,119,'https://picsum.photos/id/100/800/800','https://picsum.photos/id/1/800/800,https://picsum.photos/id/100/800/800,https://picsum.photos/id/1/800/800','这是第47号商品的描述','<p>这是第47号商品的详细描述</p>',1,'2025-04-03 18:44:46','2025-04-22 18:44:46','https://picsum.photos/id/29/800/800',0,113),(559,13,'高端电脑137',845.31,967.67,5,803,'https://picsum.photos/id/1005/800/800','https://picsum.photos/id/1002/800/800,https://picsum.photos/id/1001/800/800,https://picsum.photos/id/1000/800/800','这是第48号商品的描述','<p>这是第48号商品的详细描述</p>',1,'2025-04-06 18:44:46','2025-04-22 18:44:46','https://picsum.photos/id/28/800/800',0,669),(560,15,'高端女装847',493.45,995.70,45,188,'https://picsum.photos/id/1002/800/800','https://picsum.photos/id/1005/800/800,https://picsum.photos/id/1/800/800,https://picsum.photos/id/1/800/800','这是第49号商品的描述','<p>这是第49号商品的详细描述</p>',1,'2025-04-18 18:44:46','2025-04-22 18:44:46','https://picsum.photos/id/23/800/800',0,430),(561,15,'精品手机482',233.36,852.45,60,814,'https://picsum.photos/id/100/800/800','https://picsum.photos/id/1004/800/800,https://picsum.photos/id/1/800/800,https://picsum.photos/id/10/800/800','这是第50号商品的描述','<p>这是第50号商品的详细描述</p>',1,'2025-04-06 18:44:46','2025-04-22 18:44:46','https://picsum.photos/id/29/800/800',0,234),(562,12,'热销女装235',504.78,944.83,90,166,'https://picsum.photos/id/10/800/800','https://picsum.photos/id/1/800/800,https://picsum.photos/id/1004/800/800,https://picsum.photos/id/1006/800/800','这是第51号商品的描述','<p>这是第51号商品的详细描述</p>',1,'2025-04-06 18:44:46','2025-04-22 18:44:46','https://picsum.photos/id/20/800/800',0,775),(563,9,'热销童装831',761.83,356.67,29,730,'https://picsum.photos/id/1004/800/800','https://picsum.photos/id/100/800/800,https://picsum.photos/id/1/800/800,https://picsum.photos/id/1001/800/800','这是第52号商品的描述','<p>这是第52号商品的详细描述</p>',1,'2025-04-14 18:44:46','2025-04-22 18:44:46','https://picsum.photos/id/27/800/800',0,38),(564,9,'精品男装42',94.35,352.10,31,837,'https://picsum.photos/id/100/800/800','https://picsum.photos/id/1005/800/800,https://picsum.photos/id/100/800/800,https://picsum.photos/id/1001/800/800','这是第53号商品的描述','<p>这是第53号商品的详细描述</p>',1,'2025-04-04 18:44:46','2025-04-22 18:44:46','https://picsum.photos/id/27/800/800',0,672),(565,13,'新款电脑653',384.59,1120.12,78,400,'https://picsum.photos/id/1003/800/800','https://picsum.photos/id/1006/800/800,https://picsum.photos/id/1004/800/800,https://picsum.photos/id/1004/800/800','这是第54号商品的描述','<p>这是第54号商品的详细描述</p>',1,'2025-04-02 18:44:46','2025-04-22 18:44:46','https://picsum.photos/id/29/800/800',0,85),(566,11,'热销电脑983',243.10,277.44,44,965,'https://picsum.photos/id/1001/800/800','https://picsum.photos/id/10/800/800,https://picsum.photos/id/1/800/800,https://picsum.photos/id/1005/800/800','这是第55号商品的描述','<p>这是第55号商品的详细描述</p>',1,'2025-04-13 18:44:46','2025-04-22 18:44:46','https://picsum.photos/id/25/800/800',0,922),(567,14,'高端童装986',465.87,407.60,63,177,'https://picsum.photos/id/1006/800/800','https://picsum.photos/id/1006/800/800,https://picsum.photos/id/1003/800/800,https://picsum.photos/id/1000/800/800','这是第56号商品的描述','<p>这是第56号商品的详细描述</p>',1,'2025-03-28 18:44:46','2025-04-22 18:44:46','https://picsum.photos/id/23/800/800',0,221),(568,12,'热销女装515',718.42,44.26,93,669,'https://picsum.photos/id/1002/800/800','https://picsum.photos/id/1004/800/800,https://picsum.photos/id/1004/800/800,https://picsum.photos/id/1003/800/800','这是第57号商品的描述','<p>这是第57号商品的详细描述</p>',1,'2025-03-31 18:44:46','2025-04-22 18:44:46','https://picsum.photos/id/26/800/800',0,864),(569,7,'热销男装837',913.05,68.40,36,306,'https://picsum.photos/id/1001/800/800','https://picsum.photos/id/100/800/800,https://picsum.photos/id/100/800/800,https://picsum.photos/id/1001/800/800','这是第58号商品的描述','<p>这是第58号商品的详细描述</p>',1,'2025-04-07 18:44:46','2025-04-22 18:44:46','https://picsum.photos/id/23/800/800',0,258),(570,15,'热销童装789',362.45,543.23,73,679,'https://picsum.photos/id/100/800/800','https://picsum.photos/id/100/800/800,https://picsum.photos/id/100/800/800,https://picsum.photos/id/1001/800/800','这是第59号商品的描述','<p>这是第59号商品的详细描述</p>',1,'2025-04-07 18:44:46','2025-04-22 18:44:46','https://picsum.photos/id/29/800/800',0,213),(571,13,'时尚男装267',874.13,646.45,29,879,'https://picsum.photos/id/1002/800/800','https://picsum.photos/id/10/800/800,https://picsum.photos/id/1005/800/800,https://picsum.photos/id/1005/800/800','这是第60号商品的描述','<p>这是第60号商品的详细描述</p>',1,'2025-03-31 18:44:46','2025-04-22 18:44:46','https://picsum.photos/id/29/800/800',0,110),(572,10,'精品电脑270',706.38,836.69,94,510,'https://picsum.photos/id/1004/800/800','https://picsum.photos/id/1004/800/800,https://picsum.photos/id/1006/800/800,https://picsum.photos/id/1001/800/800','这是第61号商品的描述','<p>这是第61号商品的详细描述</p>',1,'2025-04-07 18:44:46','2025-04-22 18:44:46','https://picsum.photos/id/29/800/800',0,89),(573,18,'精品男装570',415.83,412.81,31,179,'https://picsum.photos/id/1006/800/800','https://picsum.photos/id/100/800/800,https://picsum.photos/id/1001/800/800,https://picsum.photos/id/1003/800/800','这是第62号商品的描述','<p>这是第62号商品的详细描述</p>',1,'2025-03-29 18:44:46','2025-04-22 18:44:46','https://picsum.photos/id/22/800/800',0,220),(574,13,'高端男装682',878.80,385.62,31,360,'https://picsum.photos/id/1005/800/800','https://picsum.photos/id/1003/800/800,https://picsum.photos/id/1002/800/800,https://picsum.photos/id/1005/800/800','这是第63号商品的描述','<p>这是第63号商品的详细描述</p>',1,'2025-04-06 18:44:46','2025-04-22 18:44:46','https://picsum.photos/id/22/800/800',0,251),(575,13,'时尚手机424',909.43,337.33,27,538,'https://picsum.photos/id/1005/800/800','https://picsum.photos/id/1005/800/800,https://picsum.photos/id/100/800/800,https://picsum.photos/id/1001/800/800','这是第64号商品的描述','<p>这是第64号商品的详细描述</p>',1,'2025-04-02 18:44:46','2025-04-22 18:44:46','https://picsum.photos/id/26/800/800',0,3),(576,18,'热销手机104',152.19,498.09,70,832,'https://picsum.photos/id/1/800/800','https://picsum.photos/id/1003/800/800,https://picsum.photos/id/1004/800/800,https://picsum.photos/id/1004/800/800','这是第65号商品的描述','<p>这是第65号商品的详细描述</p>',1,'2025-04-02 18:44:46','2025-04-24 17:18:20','https://picsum.photos/id/25/800/800',0,983),(577,17,'高端电脑60',531.15,565.36,4,187,'https://picsum.photos/id/1005/800/800','https://picsum.photos/id/1005/800/800,https://picsum.photos/id/1005/800/800,https://picsum.photos/id/1002/800/800','这是第66号商品的描述','<p>这是第66号商品的详细描述</p>',1,'2025-04-08 18:44:46','2025-04-22 18:44:46','https://picsum.photos/id/24/800/800',0,726),(578,7,'高端男装614',45.12,414.65,83,483,'https://picsum.photos/id/1006/800/800','https://picsum.photos/id/1002/800/800,https://picsum.photos/id/1004/800/800,https://picsum.photos/id/100/800/800','这是第67号商品的描述','<p>这是第67号商品的详细描述</p>',1,'2025-04-03 18:44:46','2025-04-22 18:44:46','https://picsum.photos/id/20/800/800',0,567),(579,18,'热销电脑513',988.48,452.80,2,980,'https://picsum.photos/id/1005/800/800','https://picsum.photos/id/1003/800/800,https://picsum.photos/id/1000/800/800,https://picsum.photos/id/10/800/800','这是第68号商品的描述','<p>这是第68号商品的详细描述</p>',1,'2025-04-09 18:44:46','2025-04-22 18:44:46','https://picsum.photos/id/22/800/800',0,821),(580,16,'高端男装368',302.99,493.74,79,40,'https://picsum.photos/id/1005/800/800','https://picsum.photos/id/10/800/800,https://picsum.photos/id/1/800/800,https://picsum.photos/id/1004/800/800','这是第69号商品的描述','<p>这是第69号商品的详细描述</p>',1,'2025-04-07 18:44:46','2025-04-22 18:44:46','https://picsum.photos/id/29/800/800',0,346),(581,8,'时尚手机154',760.55,392.32,82,101,'https://picsum.photos/id/1006/800/800','https://picsum.photos/id/100/800/800,https://picsum.photos/id/1000/800/800,https://picsum.photos/id/1/800/800','这是第70号商品的描述','<p>这是第70号商品的详细描述</p>',1,'2025-04-15 18:44:46','2025-04-24 17:18:51','https://picsum.photos/id/26/800/800',0,980),(582,8,'热销女装868',257.69,776.82,45,859,'https://picsum.photos/id/1006/800/800','https://picsum.photos/id/1000/800/800,https://picsum.photos/id/1002/800/800,https://picsum.photos/id/1003/800/800','这是第71号商品的描述','<p>这是第71号商品的详细描述</p>',1,'2025-03-29 18:44:46','2025-04-22 18:44:46','https://picsum.photos/id/20/800/800',0,98),(583,6,'新款手机314',446.16,343.47,6,439,'https://picsum.photos/id/1006/800/800','https://picsum.photos/id/10/800/800,https://picsum.photos/id/1/800/800,https://picsum.photos/id/1002/800/800','这是第72号商品的描述','<p>这是第72号商品的详细描述</p>',1,'2025-04-03 18:44:46','2025-04-22 18:44:46','https://picsum.photos/id/26/800/800',0,699),(584,12,'精品童装143',333.83,235.87,59,868,'https://picsum.photos/id/1002/800/800','https://picsum.photos/id/1006/800/800,https://picsum.photos/id/1002/800/800,https://picsum.photos/id/1005/800/800','这是第73号商品的描述','<p>这是第73号商品的详细描述</p>',1,'2025-04-05 18:44:46','2025-04-22 18:44:46','https://picsum.photos/id/21/800/800',0,307),(585,16,'时尚童装600',725.18,1038.02,0,343,'https://picsum.photos/id/1004/800/800','https://picsum.photos/id/1003/800/800,https://picsum.photos/id/1001/800/800,https://picsum.photos/id/10/800/800','这是第74号商品的描述','<p>这是第74号商品的详细描述</p>',1,'2025-04-04 18:44:46','2025-04-22 18:44:46','https://picsum.photos/id/25/800/800',0,650),(586,10,'热销女装550',75.67,781.59,99,358,'https://picsum.photos/id/1005/800/800','https://picsum.photos/id/100/800/800,https://picsum.photos/id/1003/800/800,https://picsum.photos/id/10/800/800','这是第75号商品的描述','<p>这是第75号商品的详细描述</p>',1,'2025-04-22 18:44:46','2025-04-22 18:44:46','https://picsum.photos/id/29/800/800',0,653),(587,8,'热销男装323',597.15,1133.25,99,369,'https://picsum.photos/id/1005/800/800','https://picsum.photos/id/1004/800/800,https://picsum.photos/id/1004/800/800,https://picsum.photos/id/1004/800/800','这是第76号商品的描述','<p>这是第76号商品的详细描述</p>',1,'2025-04-07 18:44:46','2025-04-22 18:44:46','https://picsum.photos/id/22/800/800',0,297),(588,17,'新款童装649',693.42,604.18,71,240,'https://picsum.photos/id/1/800/800','https://picsum.photos/id/1003/800/800,https://picsum.photos/id/1002/800/800,https://picsum.photos/id/1003/800/800','这是第77号商品的描述','<p>这是第77号商品的详细描述</p>',1,'2025-04-02 18:44:46','2025-04-22 18:44:46','https://picsum.photos/id/25/800/800',0,551),(589,14,'新款女装284',695.05,787.51,95,909,'https://picsum.photos/id/1003/800/800','https://picsum.photos/id/1000/800/800,https://picsum.photos/id/1006/800/800,https://picsum.photos/id/1000/800/800','这是第78号商品的描述','<p>这是第78号商品的详细描述</p>',1,'2025-03-25 18:44:46','2025-04-22 18:44:46','https://picsum.photos/id/26/800/800',0,790),(590,7,'时尚电脑361',153.17,804.67,88,158,'https://picsum.photos/id/10/800/800','https://picsum.photos/id/1001/800/800,https://picsum.photos/id/1004/800/800,https://picsum.photos/id/1001/800/800','这是第79号商品的描述','<p>这是第79号商品的详细描述</p>',1,'2025-04-21 18:44:46','2025-04-22 18:44:46','https://picsum.photos/id/21/800/800',0,826),(591,18,'高端女装555',596.45,375.09,61,970,'https://picsum.photos/id/1/800/800','https://picsum.photos/id/1003/800/800,https://picsum.photos/id/1006/800/800,https://picsum.photos/id/1003/800/800','这是第80号商品的描述','<p>这是第80号商品的详细描述</p>',1,'2025-04-12 18:44:46','2025-04-22 18:44:46','https://picsum.photos/id/21/800/800',0,875),(592,10,'时尚男装196',858.13,892.70,42,411,'https://picsum.photos/id/1004/800/800','https://picsum.photos/id/10/800/800,https://picsum.photos/id/1003/800/800,https://picsum.photos/id/1006/800/800','这是第81号商品的描述','<p>这是第81号商品的详细描述</p>',1,'2025-03-26 18:44:46','2025-04-22 18:44:46','https://picsum.photos/id/27/800/800',0,514),(593,17,'新款女装381',858.93,169.91,26,904,'https://picsum.photos/id/1004/800/800','https://picsum.photos/id/1002/800/800,https://picsum.photos/id/1006/800/800,https://picsum.photos/id/1/800/800','这是第82号商品的描述','<p>这是第82号商品的详细描述</p>',1,'2025-04-16 18:44:46','2025-04-22 18:44:46','https://picsum.photos/id/29/800/800',0,134),(594,18,'高端童装850',884.41,1070.37,78,898,'https://picsum.photos/id/10/800/800','https://picsum.photos/id/1002/800/800,https://picsum.photos/id/1003/800/800,https://picsum.photos/id/1004/800/800','这是第83号商品的描述','<p>这是第83号商品的详细描述</p>',1,'2025-04-03 18:44:46','2025-04-22 18:44:46','https://picsum.photos/id/29/800/800',0,110),(595,13,'高端男装609',879.40,641.96,17,377,'https://picsum.photos/id/1000/800/800','https://picsum.photos/id/1/800/800,https://picsum.photos/id/1002/800/800,https://picsum.photos/id/1000/800/800','这是第84号商品的描述','<p>这是第84号商品的详细描述</p>',1,'2025-04-21 18:44:46','2025-04-22 18:44:46','https://picsum.photos/id/26/800/800',0,293),(596,10,'新款手机321',496.75,648.16,49,473,'https://picsum.photos/id/1005/800/800','https://picsum.photos/id/1002/800/800,https://picsum.photos/id/1004/800/800,https://picsum.photos/id/1005/800/800','这是第85号商品的描述','<p>这是第85号商品的详细描述</p>',1,'2025-04-14 18:44:46','2025-04-22 18:44:46','https://picsum.photos/id/20/800/800',0,745),(597,17,'时尚男装961',581.45,13.85,38,93,'https://picsum.photos/id/1000/800/800','https://picsum.photos/id/1001/800/800,https://picsum.photos/id/1000/800/800,https://picsum.photos/id/1000/800/800','这是第86号商品的描述','<p>这是第86号商品的详细描述</p>',1,'2025-04-02 18:44:46','2025-04-22 18:44:46','https://picsum.photos/id/22/800/800',0,407),(598,6,'新款电脑282',628.22,340.45,70,17,'https://picsum.photos/id/1006/800/800','https://picsum.photos/id/1006/800/800,https://picsum.photos/id/1001/800/800,https://picsum.photos/id/100/800/800','这是第87号商品的描述','<p>这是第87号商品的详细描述</p>',1,'2025-03-29 18:44:46','2025-04-22 18:44:46','https://picsum.photos/id/27/800/800',0,402),(599,13,'热销女装966',977.37,1279.48,1,85,'https://picsum.photos/id/1000/800/800','https://picsum.photos/id/100/800/800,https://picsum.photos/id/1000/800/800,https://picsum.photos/id/1005/800/800','这是第88号商品的描述','<p>这是第88号商品的详细描述</p>',1,'2025-04-21 18:44:46','2025-04-22 18:44:46','https://picsum.photos/id/26/800/800',0,756),(600,14,'时尚手机863',351.62,177.26,80,110,'https://picsum.photos/id/10/800/800','https://picsum.photos/id/100/800/800,https://picsum.photos/id/10/800/800,https://picsum.photos/id/1006/800/800','这是第89号商品的描述','<p>这是第89号商品的详细描述</p>',1,'2025-04-13 18:44:46','2025-04-22 18:44:46','https://picsum.photos/id/23/800/800',0,831),(601,8,'精品女装630',107.66,754.81,78,766,'https://picsum.photos/id/1001/800/800','https://picsum.photos/id/1/800/800,https://picsum.photos/id/1006/800/800,https://picsum.photos/id/1002/800/800','这是第90号商品的描述','<p>这是第90号商品的详细描述</p>',1,'2025-04-21 18:44:46','2025-04-22 18:44:46','https://picsum.photos/id/20/800/800',0,550),(602,13,'精品童装16',408.56,1176.25,14,894,'https://picsum.photos/id/1/800/800','https://picsum.photos/id/1002/800/800,https://picsum.photos/id/10/800/800,https://picsum.photos/id/100/800/800','这是第91号商品的描述','<p>这是第91号商品的详细描述</p>',1,'2025-03-29 18:44:46','2025-04-22 18:44:46','https://picsum.photos/id/25/800/800',0,246),(603,16,'时尚童装62',766.59,812.46,47,747,'https://picsum.photos/id/1000/800/800','https://picsum.photos/id/1004/800/800,https://picsum.photos/id/1003/800/800,https://picsum.photos/id/1/800/800','这是第92号商品的描述','<p>这是第92号商品的详细描述</p>',1,'2025-04-13 18:44:46','2025-04-22 18:44:46','https://picsum.photos/id/23/800/800',0,393),(604,6,'时尚电脑813',153.86,381.12,11,602,'https://picsum.photos/id/1003/800/800','https://picsum.photos/id/1001/800/800,https://picsum.photos/id/1005/800/800,https://picsum.photos/id/1005/800/800','这是第93号商品的描述','<p>这是第93号商品的详细描述</p>',1,'2025-03-28 18:44:46','2025-04-22 18:44:46','https://picsum.photos/id/24/800/800',0,541),(605,8,'精品女装112',833.64,1009.84,63,297,'https://picsum.photos/id/1002/800/800','https://picsum.photos/id/1002/800/800,https://picsum.photos/id/1003/800/800,https://picsum.photos/id/1003/800/800','这是第94号商品的描述','<p>这是第94号商品的详细描述</p>',1,'2025-04-13 18:44:46','2025-04-22 18:44:46','https://picsum.photos/id/20/800/800',0,574),(606,17,'热销童装206',363.35,216.94,27,125,'https://picsum.photos/id/1004/800/800','https://picsum.photos/id/1002/800/800,https://picsum.photos/id/10/800/800,https://picsum.photos/id/1/800/800','这是第95号商品的描述','<p>这是第95号商品的详细描述</p>',1,'2025-04-06 18:44:46','2025-04-22 18:44:46','https://picsum.photos/id/25/800/800',0,787),(607,9,'热销电脑471',812.62,806.05,91,254,'https://picsum.photos/id/1002/800/800','https://picsum.photos/id/1/800/800,https://picsum.photos/id/1001/800/800,https://picsum.photos/id/100/800/800','这是第96号商品的描述','<p>这是第96号商品的详细描述</p>',1,'2025-03-28 18:44:46','2025-04-22 18:44:46','https://picsum.photos/id/29/800/800',0,525),(608,6,'高端电脑420',596.71,879.92,56,635,'https://picsum.photos/id/1001/800/800','https://picsum.photos/id/1005/800/800,https://picsum.photos/id/1/800/800,https://picsum.photos/id/1002/800/800','这是第97号商品的描述','<p>这是第97号商品的详细描述</p>',1,'2025-04-02 18:44:46','2025-04-22 18:44:46','https://picsum.photos/id/24/800/800',0,745),(609,14,'时尚童装804',800.05,694.25,69,28,'https://picsum.photos/id/1/800/800','https://picsum.photos/id/1004/800/800,https://picsum.photos/id/10/800/800,https://picsum.photos/id/1003/800/800','这是第98号商品的描述','<p>这是第98号商品的详细描述</p>',1,'2025-03-30 18:44:46','2025-04-22 18:44:46','https://picsum.photos/id/21/800/800',0,990),(610,13,'热销童装591',737.33,1040.04,73,807,'https://picsum.photos/id/1005/800/800','https://picsum.photos/id/1000/800/800,https://picsum.photos/id/1000/800/800,https://picsum.photos/id/1005/800/800','这是第99号商品的描述','<p>这是第99号商品的详细描述</p>',1,'2025-04-17 18:44:46','2025-04-22 18:44:46','https://picsum.photos/id/27/800/800',0,380),(611,10,'高端女装28',333.01,686.41,9,235,'https://picsum.photos/id/1005/800/800','https://picsum.photos/id/10/800/800,https://picsum.photos/id/1000/800/800,https://picsum.photos/id/1000/800/800','这是第100号商品的描述','<p>这是第100号商品的详细描述</p>',1,'2025-04-05 18:44:46','2025-04-22 18:44:46','https://picsum.photos/id/27/800/800',0,21),(639,10,'高端童装407',290.90,229.38,5,870,'https://picsum.photos/id/100/800/800','https://picsum.photos/id/1000/800/800,https://picsum.photos/id/1004/800/800,https://picsum.photos/id/1000/800/800','这是第1号商品的描述','<p>这是第1号商品的详细描述</p>',1,'2025-03-28 18:45:53','2025-04-22 18:45:53','https://picsum.photos/id/23/800/800',1,97),(640,17,'精品手机608',959.94,1258.16,96,918,'https://picsum.photos/id/1003/800/800','https://picsum.photos/id/100/800/800,https://picsum.photos/id/1000/800/800,https://picsum.photos/id/1004/800/800','这是第2号商品的描述','<p>这是第2号商品的详细描述</p>',1,'2025-03-30 18:45:53','2025-04-22 18:45:53','https://picsum.photos/id/26/800/800',1,725),(641,9,'时尚电脑164',78.77,949.45,72,443,'https://picsum.photos/id/1/800/800','https://picsum.photos/id/1001/800/800,https://picsum.photos/id/1001/800/800,https://picsum.photos/id/1/800/800','这是第3号商品的描述','<p>这是第3号商品的详细描述</p>',1,'2025-03-30 18:45:53','2025-04-22 18:45:53','https://picsum.photos/id/29/800/800',1,800),(642,14,'热销男装501',921.07,130.00,29,335,'https://picsum.photos/id/1004/800/800','https://picsum.photos/id/100/800/800,https://picsum.photos/id/1002/800/800,https://picsum.photos/id/1006/800/800','这是第4号商品的描述','<p>这是第4号商品的详细描述</p>',1,'2025-04-17 18:45:53','2025-04-22 18:45:53','https://picsum.photos/id/29/800/800',1,19),(643,13,'新款手机272',423.24,311.86,70,197,'https://picsum.photos/id/1005/800/800','https://picsum.photos/id/1001/800/800,https://picsum.photos/id/1004/800/800,https://picsum.photos/id/1003/800/800','这是第5号商品的描述','<p>这是第5号商品的详细描述</p>',1,'2025-03-31 18:45:53','2025-04-22 18:45:53','https://picsum.photos/id/28/800/800',1,879),(644,7,'时尚电脑29',646.08,162.61,6,248,'https://picsum.photos/id/1/800/800','https://picsum.photos/id/1002/800/800,https://picsum.photos/id/1/800/800,https://picsum.photos/id/1003/800/800','这是第6号商品的描述','<p>这是第6号商品的详细描述</p>',1,'2025-04-17 18:45:53','2025-04-22 18:45:53','https://picsum.photos/id/25/800/800',1,878),(645,17,'新款电脑985',519.38,748.77,83,584,'https://picsum.photos/id/1001/800/800','https://picsum.photos/id/10/800/800,https://picsum.photos/id/1005/800/800,https://picsum.photos/id/1004/800/800','这是第7号商品的描述','<p>这是第7号商品的详细描述</p>',1,'2025-04-12 18:45:53','2025-04-22 18:45:53','https://picsum.photos/id/22/800/800',1,485),(646,10,'精品童装187',700.16,1115.54,87,793,'https://picsum.photos/id/1000/800/800','https://picsum.photos/id/1002/800/800,https://picsum.photos/id/1004/800/800,https://picsum.photos/id/100/800/800','这是第8号商品的描述','<p>这是第8号商品的详细描述</p>',1,'2025-03-26 18:45:53','2025-04-22 18:45:53','https://picsum.photos/id/23/800/800',1,831),(647,11,'高端手机377',40.71,36.45,4,159,'https://picsum.photos/id/1003/800/800','https://picsum.photos/id/10/800/800,https://picsum.photos/id/10/800/800,https://picsum.photos/id/1002/800/800','这是第9号商品的描述','<p>这是第9号商品的详细描述</p>',1,'2025-04-16 18:45:53','2025-04-22 18:45:53','https://picsum.photos/id/28/800/800',1,436),(648,12,'精品电脑192',565.94,283.98,64,812,'https://picsum.photos/id/10/800/800','https://picsum.photos/id/1005/800/800,https://picsum.photos/id/1000/800/800,https://picsum.photos/id/1000/800/800','这是第10号商品的描述','<p>这是第10号商品的详细描述</p>',1,'2025-04-03 18:45:53','2025-04-22 18:45:53','https://picsum.photos/id/22/800/800',1,216),(649,7,'热销童装937',938.27,1060.86,16,171,'https://picsum.photos/id/1000/800/800','https://picsum.photos/id/1/800/800,https://picsum.photos/id/1004/800/800,https://picsum.photos/id/1000/800/800','这是第11号商品的描述','<p>这是第11号商品的详细描述</p>',1,'2025-04-08 18:45:53','2025-04-22 18:45:53','https://picsum.photos/id/22/800/800',0,448),(650,16,'新款手机693',345.99,691.02,48,205,'https://picsum.photos/id/1002/800/800','https://picsum.photos/id/1004/800/800,https://picsum.photos/id/1005/800/800,https://picsum.photos/id/1/800/800','这是第12号商品的描述','<p>这是第12号商品的详细描述</p>',1,'2025-04-05 18:45:53','2025-04-22 18:45:53','https://picsum.photos/id/23/800/800',0,837),(651,11,'新款电脑359',261.98,231.01,45,660,'https://picsum.photos/id/1006/800/800','https://picsum.photos/id/1002/800/800,https://picsum.photos/id/1004/800/800,https://picsum.photos/id/100/800/800','这是第13号商品的描述','<p>这是第13号商品的详细描述</p>',1,'2025-03-25 18:45:53','2025-04-22 18:45:53','https://picsum.photos/id/26/800/800',0,929),(652,16,'精品男装529',377.30,313.53,30,850,'https://picsum.photos/id/1000/800/800','https://picsum.photos/id/1005/800/800,https://picsum.photos/id/1004/800/800,https://picsum.photos/id/1000/800/800','这是第14号商品的描述','<p>这是第14号商品的详细描述</p>',1,'2025-04-15 18:45:53','2025-04-22 18:45:53','https://picsum.photos/id/21/800/800',0,258),(653,13,'时尚童装562',200.28,351.81,11,207,'https://picsum.photos/id/1003/800/800','https://picsum.photos/id/100/800/800,https://picsum.photos/id/1001/800/800,https://picsum.photos/id/1004/800/800','这是第15号商品的描述','<p>这是第15号商品的详细描述</p>',1,'2025-04-07 18:45:53','2025-04-22 18:45:53','https://picsum.photos/id/28/800/800',0,196),(654,11,'高端童装141',990.99,658.08,76,814,'https://picsum.photos/id/1004/800/800','https://picsum.photos/id/1005/800/800,https://picsum.photos/id/1/800/800,https://picsum.photos/id/1002/800/800','这是第16号商品的描述','<p>这是第16号商品的详细描述</p>',1,'2025-04-04 18:45:53','2025-04-22 18:45:53','https://picsum.photos/id/24/800/800',0,468),(655,12,'时尚手机308',510.72,730.85,71,50,'https://picsum.photos/id/10/800/800','https://picsum.photos/id/1003/800/800,https://picsum.photos/id/100/800/800,https://picsum.photos/id/10/800/800','这是第17号商品的描述','<p>这是第17号商品的详细描述</p>',1,'2025-04-18 18:45:53','2025-04-22 18:45:53','https://picsum.photos/id/24/800/800',0,155),(656,10,'精品手机109',667.40,1284.54,87,463,'https://picsum.photos/id/1003/800/800','https://picsum.photos/id/1000/800/800,https://picsum.photos/id/1000/800/800,https://picsum.photos/id/1004/800/800','这是第18号商品的描述','<p>这是第18号商品的详细描述</p>',1,'2025-03-29 18:45:53','2025-04-22 18:45:53','https://picsum.photos/id/20/800/800',0,734),(657,9,'时尚童装370',344.49,741.14,63,541,'https://picsum.photos/id/1005/800/800','https://picsum.photos/id/1003/800/800,https://picsum.photos/id/100/800/800,https://picsum.photos/id/1006/800/800','这是第19号商品的描述','<p>这是第19号商品的详细描述</p>',1,'2025-03-24 18:45:53','2025-04-22 18:45:53','https://picsum.photos/id/24/800/800',0,226),(658,7,'时尚手机389',873.58,236.09,17,826,'https://picsum.photos/id/1003/800/800','https://picsum.photos/id/1006/800/800,https://picsum.photos/id/1006/800/800,https://picsum.photos/id/1/800/800','这是第20号商品的描述','<p>这是第20号商品的详细描述</p>',1,'2025-04-07 18:45:53','2025-04-22 18:45:53','https://picsum.photos/id/25/800/800',0,265),(659,16,'精品男装370',687.90,382.98,59,444,'https://picsum.photos/id/1001/800/800','https://picsum.photos/id/10/800/800,https://picsum.photos/id/1005/800/800,https://picsum.photos/id/10/800/800','这是第21号商品的描述','<p>这是第21号商品的详细描述</p>',1,'2025-03-26 18:45:53','2025-04-22 18:45:53','https://picsum.photos/id/28/800/800',0,204),(660,9,'热销女装193',931.06,99.47,64,496,'https://picsum.photos/id/1002/800/800','https://picsum.photos/id/1004/800/800,https://picsum.photos/id/1005/800/800,https://picsum.photos/id/1006/800/800','这是第22号商品的描述','<p>这是第22号商品的详细描述</p>',1,'2025-04-18 18:45:53','2025-04-22 18:45:53','https://picsum.photos/id/22/800/800',0,987),(661,12,'高端手机480',131.77,216.49,94,254,'https://picsum.photos/id/1001/800/800','https://picsum.photos/id/1004/800/800,https://picsum.photos/id/1001/800/800,https://picsum.photos/id/1006/800/800','这是第23号商品的描述','<p>这是第23号商品的详细描述</p>',1,'2025-04-12 18:45:53','2025-04-22 18:45:53','https://picsum.photos/id/24/800/800',0,22),(662,6,'时尚童装817',807.70,692.12,58,548,'https://picsum.photos/id/1006/800/800','https://picsum.photos/id/1000/800/800,https://picsum.photos/id/1004/800/800,https://picsum.photos/id/1/800/800','这是第24号商品的描述','<p>这是第24号商品的详细描述</p>',1,'2025-04-01 18:45:53','2025-04-22 18:45:53','https://picsum.photos/id/22/800/800',0,475),(663,9,'热销手机125',311.66,195.66,64,789,'https://picsum.photos/id/1/800/800','https://picsum.photos/id/100/800/800,https://picsum.photos/id/10/800/800,https://picsum.photos/id/100/800/800','这是第25号商品的描述','<p>这是第25号商品的详细描述</p>',1,'2025-03-27 18:45:53','2025-04-22 18:45:53','https://picsum.photos/id/26/800/800',0,576),(664,8,'精品电脑408',473.61,140.43,50,15,'https://picsum.photos/id/1002/800/800','https://picsum.photos/id/10/800/800,https://picsum.photos/id/1001/800/800,https://picsum.photos/id/1006/800/800','这是第26号商品的描述','<p>这是第26号商品的详细描述</p>',1,'2025-04-09 18:45:53','2025-04-22 18:45:53','https://picsum.photos/id/27/800/800',0,231),(665,17,'高端女装468',664.93,1088.63,92,49,'https://picsum.photos/id/1001/800/800','https://picsum.photos/id/1002/800/800,https://picsum.photos/id/1000/800/800,https://picsum.photos/id/1004/800/800','这是第27号商品的描述','<p>这是第27号商品的详细描述</p>',1,'2025-04-22 18:45:53','2025-04-22 18:45:53','https://picsum.photos/id/21/800/800',0,763),(666,15,'高端电脑921',126.08,1029.31,30,269,'https://picsum.photos/id/1001/800/800','https://picsum.photos/id/1001/800/800,https://picsum.photos/id/1006/800/800,https://picsum.photos/id/1004/800/800','这是第28号商品的描述','<p>这是第28号商品的详细描述</p>',1,'2025-03-29 18:45:53','2025-04-22 18:45:53','https://picsum.photos/id/23/800/800',0,810),(667,13,'高端男装593',783.89,156.71,6,438,'https://picsum.photos/id/1/800/800','https://picsum.photos/id/1003/800/800,https://picsum.photos/id/1006/800/800,https://picsum.photos/id/1004/800/800','这是第29号商品的描述','<p>这是第29号商品的详细描述</p>',1,'2025-04-20 18:45:53','2025-04-22 18:45:53','https://picsum.photos/id/27/800/800',0,81),(668,8,'高端童装505',169.55,381.04,91,720,'https://picsum.photos/id/1005/800/800','https://picsum.photos/id/1005/800/800,https://picsum.photos/id/10/800/800,https://picsum.photos/id/1/800/800','这是第30号商品的描述','<p>这是第30号商品的详细描述</p>',1,'2025-03-28 18:45:53','2025-04-22 18:45:53','https://picsum.photos/id/20/800/800',0,37),(669,14,'精品女装730',738.34,561.80,65,593,'https://picsum.photos/id/1/800/800','https://picsum.photos/id/1000/800/800,https://picsum.photos/id/1005/800/800,https://picsum.photos/id/1001/800/800','这是第31号商品的描述','<p>这是第31号商品的详细描述</p>',1,'2025-04-05 18:45:53','2025-04-22 18:45:53','https://picsum.photos/id/22/800/800',0,515),(670,17,'新款男装889',438.44,567.47,39,447,'https://picsum.photos/id/1/800/800','https://picsum.photos/id/1001/800/800,https://picsum.photos/id/1001/800/800,https://picsum.photos/id/1005/800/800','这是第32号商品的描述','<p>这是第32号商品的详细描述</p>',1,'2025-04-18 18:45:53','2025-04-22 18:45:53','https://picsum.photos/id/29/800/800',0,14),(671,14,'精品男装271',779.68,90.92,94,614,'https://picsum.photos/id/100/800/800','https://picsum.photos/id/10/800/800,https://picsum.photos/id/1004/800/800,https://picsum.photos/id/10/800/800','这是第33号商品的描述','<p>这是第33号商品的详细描述</p>',1,'2025-04-02 18:45:53','2025-04-22 18:45:53','https://picsum.photos/id/23/800/800',0,935),(672,13,'时尚手机356',605.96,1201.42,63,507,'https://picsum.photos/id/1003/800/800','https://picsum.photos/id/100/800/800,https://picsum.photos/id/1001/800/800,https://picsum.photos/id/1000/800/800','这是第34号商品的描述','<p>这是第34号商品的详细描述</p>',1,'2025-04-13 18:45:53','2025-04-22 18:45:53','https://picsum.photos/id/26/800/800',0,647),(673,9,'高端童装949',351.21,1025.00,9,441,'https://picsum.photos/id/1006/800/800','https://picsum.photos/id/1003/800/800,https://picsum.photos/id/1001/800/800,https://picsum.photos/id/10/800/800','这是第35号商品的描述','<p>这是第35号商品的详细描述</p>',1,'2025-04-04 18:45:53','2025-04-22 18:45:53','https://picsum.photos/id/22/800/800',0,497),(674,14,'热销男装463',731.76,293.13,67,95,'https://picsum.photos/id/1001/800/800','https://picsum.photos/id/1004/800/800,https://picsum.photos/id/1004/800/800,https://picsum.photos/id/100/800/800','这是第36号商品的描述','<p>这是第36号商品的详细描述</p>',1,'2025-04-17 18:45:53','2025-04-22 18:45:53','https://picsum.photos/id/20/800/800',0,74),(675,17,'时尚电脑98',866.32,47.90,68,748,'https://picsum.photos/id/1003/800/800','https://picsum.photos/id/1/800/800,https://picsum.photos/id/1002/800/800,https://picsum.photos/id/1005/800/800','这是第37号商品的描述','<p>这是第37号商品的详细描述</p>',1,'2025-04-15 18:45:53','2025-04-22 18:45:53','https://picsum.photos/id/22/800/800',0,848),(676,12,'热销电脑638',670.95,480.30,27,62,'https://picsum.photos/id/1001/800/800','https://picsum.photos/id/1002/800/800,https://picsum.photos/id/100/800/800,https://picsum.photos/id/1002/800/800','这是第38号商品的描述','<p>这是第38号商品的详细描述</p>',1,'2025-04-20 18:45:53','2025-04-22 18:45:53','https://picsum.photos/id/22/800/800',0,717),(677,10,'高端童装841',824.13,704.94,57,455,'https://picsum.photos/id/1002/800/800','https://picsum.photos/id/1003/800/800,https://picsum.photos/id/1004/800/800,https://picsum.photos/id/1005/800/800','这是第39号商品的描述','<p>这是第39号商品的详细描述</p>',1,'2025-04-20 18:45:53','2025-04-22 18:45:53','https://picsum.photos/id/24/800/800',0,848),(678,18,'精品童装42',454.05,142.46,81,362,'https://picsum.photos/id/1000/800/800','https://picsum.photos/id/1006/800/800,https://picsum.photos/id/10/800/800,https://picsum.photos/id/1006/800/800','这是第40号商品的描述','<p>这是第40号商品的详细描述</p>',1,'2025-04-16 18:45:53','2025-04-22 18:45:53','https://picsum.photos/id/28/800/800',0,361),(679,7,'高端女装102',473.45,55.09,73,361,'https://picsum.photos/id/1003/800/800','https://picsum.photos/id/1006/800/800,https://picsum.photos/id/1/800/800,https://picsum.photos/id/1000/800/800','这是第41号商品的描述','<p>这是第41号商品的详细描述</p>',1,'2025-04-03 18:45:53','2025-04-22 18:45:53','https://picsum.photos/id/29/800/800',0,112),(680,14,'新款男装24',886.28,400.54,44,938,'https://picsum.photos/id/1000/800/800','https://picsum.photos/id/1002/800/800,https://picsum.photos/id/1/800/800,https://picsum.photos/id/1004/800/800','这是第42号商品的描述','<p>这是第42号商品的详细描述</p>',1,'2025-04-06 18:45:53','2025-04-22 18:45:53','https://picsum.photos/id/29/800/800',0,407),(681,11,'热销电脑213',243.99,707.80,34,742,'https://picsum.photos/id/1003/800/800','https://picsum.photos/id/1004/800/800,https://picsum.photos/id/1001/800/800,https://picsum.photos/id/1/800/800','这是第43号商品的描述','<p>这是第43号商品的详细描述</p>',1,'2025-03-26 18:45:53','2025-04-22 18:45:53','https://picsum.photos/id/21/800/800',0,273),(682,14,'高端童装156',185.08,508.75,47,752,'https://picsum.photos/id/1000/800/800','https://picsum.photos/id/1006/800/800,https://picsum.photos/id/1003/800/800,https://picsum.photos/id/1002/800/800','这是第44号商品的描述','<p>这是第44号商品的详细描述</p>',1,'2025-04-06 18:45:53','2025-04-22 18:45:53','https://picsum.photos/id/23/800/800',0,246),(683,12,'热销男装813',675.77,1121.85,17,91,'https://picsum.photos/id/1006/800/800','https://picsum.photos/id/1001/800/800,https://picsum.photos/id/1004/800/800,https://picsum.photos/id/1003/800/800','这是第45号商品的描述','<p>这是第45号商品的详细描述</p>',1,'2025-03-30 18:45:53','2025-04-22 18:45:53','https://picsum.photos/id/24/800/800',0,979),(684,13,'时尚女装409',186.90,842.62,97,479,'https://picsum.photos/id/1001/800/800','https://picsum.photos/id/1000/800/800,https://picsum.photos/id/1/800/800,https://picsum.photos/id/1/800/800','这是第46号商品的描述','<p>这是第46号商品的详细描述</p>',1,'2025-04-14 18:45:53','2025-04-22 18:45:53','https://picsum.photos/id/29/800/800',0,149),(685,17,'时尚童装686',726.80,691.39,45,395,'https://picsum.photos/id/1003/800/800','https://picsum.photos/id/1002/800/800,https://picsum.photos/id/1/800/800,https://picsum.photos/id/1004/800/800','这是第47号商品的描述','<p>这是第47号商品的详细描述</p>',1,'2025-04-13 18:45:53','2025-04-22 18:45:53','https://picsum.photos/id/28/800/800',0,535),(686,14,'热销男装144',331.61,256.18,30,585,'https://picsum.photos/id/1/800/800','https://picsum.photos/id/1003/800/800,https://picsum.photos/id/1000/800/800,https://picsum.photos/id/1005/800/800','这是第48号商品的描述','<p>这是第48号商品的详细描述</p>',1,'2025-04-17 18:45:53','2025-04-22 18:45:53','https://picsum.photos/id/23/800/800',0,293),(687,18,'新款男装955',625.69,292.76,1,13,'https://picsum.photos/id/1/800/800','https://picsum.photos/id/1002/800/800,https://picsum.photos/id/1000/800/800,https://picsum.photos/id/1/800/800','这是第49号商品的描述','<p>这是第49号商品的详细描述</p>',1,'2025-04-10 18:45:53','2025-04-22 18:45:53','https://picsum.photos/id/21/800/800',0,852),(688,18,'精品电脑30',703.81,538.86,54,839,'https://picsum.photos/id/1002/800/800','https://picsum.photos/id/1/800/800,https://picsum.photos/id/1/800/800,https://picsum.photos/id/1000/800/800','这是第50号商品的描述','<p>这是第50号商品的详细描述</p>',1,'2025-04-08 18:45:53','2025-04-22 18:45:53','https://picsum.photos/id/23/800/800',0,406),(689,13,'高端女装346',90.79,457.33,88,635,'https://picsum.photos/id/1002/800/800','https://picsum.photos/id/1005/800/800,https://picsum.photos/id/1000/800/800,https://picsum.photos/id/1/800/800','这是第51号商品的描述','<p>这是第51号商品的详细描述</p>',1,'2025-04-13 18:45:53','2025-04-22 18:45:53','https://picsum.photos/id/26/800/800',0,390),(690,18,'新款男装645',212.06,117.29,78,492,'https://picsum.photos/id/10/800/800','https://picsum.photos/id/10/800/800,https://picsum.photos/id/1000/800/800,https://picsum.photos/id/1002/800/800','这是第52号商品的描述','<p>这是第52号商品的详细描述</p>',1,'2025-04-05 18:45:53','2025-04-22 18:45:53','https://picsum.photos/id/20/800/800',0,197),(691,9,'热销女装711',866.45,231.64,19,930,'https://picsum.photos/id/1/800/800','https://picsum.photos/id/1000/800/800,https://picsum.photos/id/10/800/800,https://picsum.photos/id/1005/800/800','这是第53号商品的描述','<p>这是第53号商品的详细描述</p>',1,'2025-03-30 18:45:53','2025-04-22 18:45:53','https://picsum.photos/id/25/800/800',0,262),(692,6,'精品女装888',418.29,502.14,52,410,'https://picsum.photos/id/1001/800/800','https://picsum.photos/id/10/800/800,https://picsum.photos/id/1001/800/800,https://picsum.photos/id/1003/800/800','这是第54号商品的描述','<p>这是第54号商品的详细描述</p>',1,'2025-03-25 18:45:53','2025-04-22 18:45:53','https://picsum.photos/id/21/800/800',0,797),(693,8,'高端童装423',548.97,558.38,74,883,'https://picsum.photos/id/10/800/800','https://picsum.photos/id/1002/800/800,https://picsum.photos/id/1/800/800,https://picsum.photos/id/1005/800/800','这是第55号商品的描述','<p>这是第55号商品的详细描述</p>',1,'2025-03-28 18:45:53','2025-04-22 18:45:53','https://picsum.photos/id/22/800/800',0,785),(694,10,'高端女装302',448.54,358.58,11,949,'https://picsum.photos/id/1001/800/800','https://picsum.photos/id/1003/800/800,https://picsum.photos/id/1005/800/800,https://picsum.photos/id/1/800/800','这是第56号商品的描述','<p>这是第56号商品的详细描述</p>',1,'2025-03-27 18:45:53','2025-04-22 18:45:53','https://picsum.photos/id/21/800/800',0,230),(695,12,'新款童装699',287.04,377.97,39,13,'https://picsum.photos/id/1005/800/800','https://picsum.photos/id/1006/800/800,https://picsum.photos/id/1005/800/800,https://picsum.photos/id/1001/800/800','这是第57号商品的描述','<p>这是第57号商品的详细描述</p>',1,'2025-04-09 18:45:53','2025-04-22 18:45:53','https://picsum.photos/id/23/800/800',0,104),(696,7,'精品女装170',177.87,390.61,87,856,'https://picsum.photos/id/1003/800/800','https://picsum.photos/id/1000/800/800,https://picsum.photos/id/1005/800/800,https://picsum.photos/id/100/800/800','这是第58号商品的描述','<p>这是第58号商品的详细描述</p>',1,'2025-04-03 18:45:53','2025-04-22 18:45:53','https://picsum.photos/id/26/800/800',0,556),(697,16,'精品电脑654',640.17,259.76,30,923,'https://picsum.photos/id/1004/800/800','https://picsum.photos/id/1006/800/800,https://picsum.photos/id/1000/800/800,https://picsum.photos/id/1005/800/800','这是第59号商品的描述','<p>这是第59号商品的详细描述</p>',1,'2025-04-13 18:45:53','2025-04-22 18:45:53','https://picsum.photos/id/28/800/800',0,893),(698,13,'时尚电脑400',139.96,586.48,2,496,'https://picsum.photos/id/1001/800/800','https://picsum.photos/id/1001/800/800,https://picsum.photos/id/1004/800/800,https://picsum.photos/id/100/800/800','这是第60号商品的描述','<p>这是第60号商品的详细描述</p>',1,'2025-04-16 18:45:53','2025-04-22 18:45:53','https://picsum.photos/id/25/800/800',0,164),(699,8,'高端女装436',492.22,151.85,44,752,'https://picsum.photos/id/1001/800/800','https://picsum.photos/id/1005/800/800,https://picsum.photos/id/1005/800/800,https://picsum.photos/id/1002/800/800','这是第61号商品的描述','<p>这是第61号商品的详细描述</p>',1,'2025-04-16 18:45:53','2025-04-22 18:45:53','https://picsum.photos/id/28/800/800',0,450),(700,14,'新款电脑994',451.26,322.22,69,830,'https://picsum.photos/id/1/800/800','https://picsum.photos/id/1005/800/800,https://picsum.photos/id/1003/800/800,https://picsum.photos/id/1005/800/800','这是第62号商品的描述','<p>这是第62号商品的详细描述</p>',1,'2025-04-09 18:45:53','2025-04-22 18:45:53','https://picsum.photos/id/27/800/800',0,569),(701,12,'热销童装498',715.09,86.45,78,316,'https://picsum.photos/id/100/800/800','https://picsum.photos/id/1002/800/800,https://picsum.photos/id/1005/800/800,https://picsum.photos/id/1002/800/800','这是第63号商品的描述','<p>这是第63号商品的详细描述</p>',1,'2025-04-13 18:45:53','2025-04-22 18:45:53','https://picsum.photos/id/22/800/800',0,864),(702,11,'高端男装244',824.43,455.63,98,648,'https://picsum.photos/id/100/800/800','https://picsum.photos/id/1003/800/800,https://picsum.photos/id/1006/800/800,https://picsum.photos/id/1001/800/800','这是第64号商品的描述','<p>这是第64号商品的详细描述</p>',1,'2025-04-07 18:45:53','2025-04-22 18:45:53','https://picsum.photos/id/25/800/800',0,209),(703,12,'热销童装66',105.53,327.26,79,569,'https://picsum.photos/id/1001/800/800','https://picsum.photos/id/1006/800/800,https://picsum.photos/id/1002/800/800,https://picsum.photos/id/100/800/800','这是第65号商品的描述','<p>这是第65号商品的详细描述</p>',1,'2025-04-15 18:45:53','2025-04-22 18:45:53','https://picsum.photos/id/26/800/800',0,614),(704,10,'热销男装303',46.82,323.99,47,579,'https://picsum.photos/id/1001/800/800','https://picsum.photos/id/1006/800/800,https://picsum.photos/id/1004/800/800,https://picsum.photos/id/1004/800/800','这是第66号商品的描述','<p>这是第66号商品的详细描述</p>',1,'2025-03-31 18:45:53','2025-04-22 18:45:53','https://picsum.photos/id/26/800/800',0,347),(705,12,'高端男装970',518.89,826.69,76,593,'https://picsum.photos/id/1003/800/800','https://picsum.photos/id/1004/800/800,https://picsum.photos/id/1/800/800,https://picsum.photos/id/10/800/800','这是第67号商品的描述','<p>这是第67号商品的详细描述</p>',1,'2025-04-11 18:45:53','2025-04-22 18:45:53','https://picsum.photos/id/25/800/800',0,500),(706,11,'高端女装634',531.83,817.98,17,661,'https://picsum.photos/id/1004/800/800','https://picsum.photos/id/100/800/800,https://picsum.photos/id/1000/800/800,https://picsum.photos/id/10/800/800','这是第68号商品的描述','<p>这是第68号商品的详细描述</p>',1,'2025-04-05 18:45:53','2025-04-22 18:45:53','https://picsum.photos/id/29/800/800',0,464),(707,14,'新款童装784',231.72,869.05,48,967,'https://picsum.photos/id/1000/800/800','https://picsum.photos/id/1004/800/800,https://picsum.photos/id/1003/800/800,https://picsum.photos/id/100/800/800','这是第69号商品的描述','<p>这是第69号商品的详细描述</p>',1,'2025-04-19 18:45:53','2025-04-22 18:45:53','https://picsum.photos/id/29/800/800',0,925),(708,9,'高端电脑637',664.03,513.26,68,496,'https://picsum.photos/id/1001/800/800','https://picsum.photos/id/10/800/800,https://picsum.photos/id/1005/800/800,https://picsum.photos/id/1004/800/800','这是第70号商品的描述','<p>这是第70号商品的详细描述</p>',1,'2025-04-19 18:45:53','2025-04-22 18:45:53','https://picsum.photos/id/27/800/800',0,425),(709,15,'精品手机266',308.27,868.93,1,201,'https://picsum.photos/id/1006/800/800','https://picsum.photos/id/1/800/800,https://picsum.photos/id/1002/800/800,https://picsum.photos/id/1003/800/800','这是第71号商品的描述','<p>这是第71号商品的详细描述</p>',1,'2025-03-28 18:45:53','2025-04-22 18:45:53','https://picsum.photos/id/21/800/800',0,153),(710,8,'新款童装208',822.34,618.97,17,129,'https://picsum.photos/id/10/800/800','https://picsum.photos/id/1002/800/800,https://picsum.photos/id/10/800/800,https://picsum.photos/id/1/800/800','这是第72号商品的描述','<p>这是第72号商品的详细描述</p>',1,'2025-03-31 18:45:53','2025-04-22 18:45:53','https://picsum.photos/id/21/800/800',0,626),(711,17,'新款电脑18',591.56,1085.74,59,12,'https://picsum.photos/id/100/800/800','https://picsum.photos/id/10/800/800,https://picsum.photos/id/1003/800/800,https://picsum.photos/id/1003/800/800','这是第73号商品的描述','<p>这是第73号商品的详细描述</p>',1,'2025-04-16 18:45:53','2025-04-22 18:45:53','https://picsum.photos/id/24/800/800',0,207),(712,11,'精品手机572',618.18,463.02,56,66,'https://picsum.photos/id/1003/800/800','https://picsum.photos/id/1004/800/800,https://picsum.photos/id/1005/800/800,https://picsum.photos/id/100/800/800','这是第74号商品的描述','<p>这是第74号商品的详细描述</p>',1,'2025-04-01 18:45:53','2025-04-22 18:45:53','https://picsum.photos/id/29/800/800',0,799),(713,16,'新款电脑79',988.22,850.54,60,381,'https://picsum.photos/id/10/800/800','https://picsum.photos/id/1002/800/800,https://picsum.photos/id/1005/800/800,https://picsum.photos/id/1001/800/800','这是第75号商品的描述','<p>这是第75号商品的详细描述</p>',1,'2025-04-07 18:45:53','2025-04-22 18:45:53','https://picsum.photos/id/23/800/800',0,411),(714,12,'时尚女装700',856.91,213.08,2,178,'https://picsum.photos/id/1005/800/800','https://picsum.photos/id/1002/800/800,https://picsum.photos/id/1005/800/800,https://picsum.photos/id/1005/800/800','这是第76号商品的描述','<p>这是第76号商品的详细描述</p>',1,'2025-04-07 18:45:53','2025-04-22 18:45:53','https://picsum.photos/id/26/800/800',0,81),(715,17,'热销童装91',229.03,996.29,94,273,'https://picsum.photos/id/1002/800/800','https://picsum.photos/id/1001/800/800,https://picsum.photos/id/1004/800/800,https://picsum.photos/id/1000/800/800','这是第77号商品的描述','<p>这是第77号商品的详细描述</p>',1,'2025-04-07 18:45:53','2025-04-22 18:45:53','https://picsum.photos/id/27/800/800',0,524),(716,7,'热销童装433',791.96,829.13,39,381,'https://picsum.photos/id/1004/800/800','https://picsum.photos/id/1/800/800,https://picsum.photos/id/1005/800/800,https://picsum.photos/id/1/800/800','这是第78号商品的描述','<p>这是第78号商品的详细描述</p>',1,'2025-04-01 18:45:53','2025-04-22 18:45:53','https://picsum.photos/id/24/800/800',0,486),(717,9,'热销手机835',54.71,861.17,15,366,'https://picsum.photos/id/1000/800/800','https://picsum.photos/id/1005/800/800,https://picsum.photos/id/1/800/800,https://picsum.photos/id/1002/800/800','这是第79号商品的描述','<p>这是第79号商品的详细描述</p>',1,'2025-04-03 18:45:53','2025-04-22 18:45:53','https://picsum.photos/id/28/800/800',0,552),(718,16,'高端电脑25',466.22,293.48,8,147,'https://picsum.photos/id/1001/800/800','https://picsum.photos/id/1003/800/800,https://picsum.photos/id/10/800/800,https://picsum.photos/id/1004/800/800','这是第80号商品的描述','<p>这是第80号商品的详细描述</p>',1,'2025-04-08 18:45:53','2025-04-22 18:45:53','https://picsum.photos/id/20/800/800',0,103),(719,6,'热销女装277',198.41,141.87,77,795,'https://picsum.photos/id/1003/800/800','https://picsum.photos/id/1000/800/800,https://picsum.photos/id/1000/800/800,https://picsum.photos/id/1003/800/800','这是第81号商品的描述','<p>这是第81号商品的详细描述</p>',1,'2025-04-20 18:45:53','2025-04-22 18:45:53','https://picsum.photos/id/28/800/800',0,517),(720,10,'时尚童装422',469.67,79.12,19,355,'https://picsum.photos/id/10/800/800','https://picsum.photos/id/1006/800/800,https://picsum.photos/id/100/800/800,https://picsum.photos/id/10/800/800','这是第82号商品的描述','<p>这是第82号商品的详细描述</p>',1,'2025-04-20 18:45:53','2025-04-22 18:45:53','https://picsum.photos/id/29/800/800',0,906),(721,10,'热销女装261',204.15,239.49,35,611,'https://picsum.photos/id/1006/800/800','https://picsum.photos/id/1003/800/800,https://picsum.photos/id/1006/800/800,https://picsum.photos/id/1003/800/800','这是第83号商品的描述','<p>这是第83号商品的详细描述</p>',1,'2025-04-11 18:45:53','2025-04-22 18:45:53','https://picsum.photos/id/21/800/800',0,969),(722,15,'新款手机99',436.75,1117.08,41,76,'https://picsum.photos/id/10/800/800','https://picsum.photos/id/1006/800/800,https://picsum.photos/id/1001/800/800,https://picsum.photos/id/1000/800/800','这是第84号商品的描述','<p>这是第84号商品的详细描述</p>',1,'2025-04-10 18:45:53','2025-04-22 18:45:53','https://picsum.photos/id/24/800/800',0,28),(723,17,'精品电脑332',140.52,855.15,60,264,'https://picsum.photos/id/1002/800/800','https://picsum.photos/id/100/800/800,https://picsum.photos/id/1006/800/800,https://picsum.photos/id/1005/800/800','这是第85号商品的描述','<p>这是第85号商品的详细描述</p>',1,'2025-04-07 18:45:53','2025-04-22 18:45:53','https://picsum.photos/id/27/800/800',0,92),(724,17,'时尚手机704',164.08,847.75,27,797,'https://picsum.photos/id/10/800/800','https://picsum.photos/id/1005/800/800,https://picsum.photos/id/1006/800/800,https://picsum.photos/id/100/800/800','这是第86号商品的描述','<p>这是第86号商品的详细描述</p>',1,'2025-04-17 18:45:53','2025-04-22 18:45:53','https://picsum.photos/id/24/800/800',0,265),(725,16,'时尚电脑546',914.67,1194.78,77,120,'https://picsum.photos/id/100/800/800','https://picsum.photos/id/1001/800/800,https://picsum.photos/id/100/800/800,https://picsum.photos/id/1004/800/800','这是第87号商品的描述','<p>这是第87号商品的详细描述</p>',1,'2025-03-25 18:45:53','2025-04-22 18:45:53','https://picsum.photos/id/20/800/800',0,613),(726,8,'时尚童装594',409.46,313.93,12,706,'https://picsum.photos/id/10/800/800','https://picsum.photos/id/100/800/800,https://picsum.photos/id/1005/800/800,https://picsum.photos/id/1001/800/800','这是第88号商品的描述','<p>这是第88号商品的详细描述</p>',1,'2025-04-03 18:45:53','2025-04-22 18:45:53','https://picsum.photos/id/27/800/800',0,61),(727,10,'精品男装4',903.99,639.50,50,123,'https://picsum.photos/id/1/800/800','https://picsum.photos/id/1000/800/800,https://picsum.photos/id/100/800/800,https://picsum.photos/id/100/800/800','这是第89号商品的描述','<p>这是第89号商品的详细描述</p>',1,'2025-04-03 18:45:53','2025-04-22 18:45:53','https://picsum.photos/id/21/800/800',0,363),(728,17,'高端女装368',897.18,435.48,83,598,'https://picsum.photos/id/1001/800/800','https://picsum.photos/id/1003/800/800,https://picsum.photos/id/1002/800/800,https://picsum.photos/id/1003/800/800','这是第90号商品的描述','<p>这是第90号商品的详细描述</p>',1,'2025-04-06 18:45:53','2025-04-22 18:45:53','https://picsum.photos/id/26/800/800',0,809),(729,11,'新款女装411',120.37,382.34,45,397,'https://picsum.photos/id/1003/800/800','https://picsum.photos/id/1/800/800,https://picsum.photos/id/1000/800/800,https://picsum.photos/id/1003/800/800','这是第91号商品的描述','<p>这是第91号商品的详细描述</p>',1,'2025-03-25 18:45:53','2025-04-22 18:45:53','https://picsum.photos/id/29/800/800',0,859),(730,12,'热销电脑46',422.67,1126.12,49,97,'https://picsum.photos/id/1006/800/800','https://picsum.photos/id/1000/800/800,https://picsum.photos/id/1004/800/800,https://picsum.photos/id/1002/800/800','这是第92号商品的描述','<p>这是第92号商品的详细描述</p>',1,'2025-04-01 18:45:53','2025-04-22 18:45:53','https://picsum.photos/id/26/800/800',0,805),(731,17,'时尚男装578',877.86,796.70,11,729,'https://picsum.photos/id/1000/800/800','https://picsum.photos/id/1005/800/800,https://picsum.photos/id/100/800/800,https://picsum.photos/id/1003/800/800','这是第93号商品的描述','<p>这是第93号商品的详细描述</p>',1,'2025-04-13 18:45:53','2025-04-22 18:45:53','https://picsum.photos/id/23/800/800',0,819),(732,7,'时尚男装209',773.43,297.58,43,720,'https://picsum.photos/id/100/800/800','https://picsum.photos/id/1002/800/800,https://picsum.photos/id/1005/800/800,https://picsum.photos/id/1002/800/800','这是第94号商品的描述','<p>这是第94号商品的详细描述</p>',1,'2025-04-13 18:45:53','2025-04-22 18:45:53','https://picsum.photos/id/22/800/800',0,843),(733,9,'热销男装59',302.01,369.64,9,666,'https://picsum.photos/id/1/800/800','https://picsum.photos/id/1000/800/800,https://picsum.photos/id/1005/800/800,https://picsum.photos/id/100/800/800','这是第95号商品的描述','<p>这是第95号商品的详细描述</p>',1,'2025-03-30 18:45:53','2025-04-22 18:45:53','https://picsum.photos/id/23/800/800',0,121),(734,8,'新款男装476',915.38,198.20,45,360,'https://picsum.photos/id/1001/800/800','https://picsum.photos/id/1006/800/800,https://picsum.photos/id/1003/800/800,https://picsum.photos/id/10/800/800','这是第96号商品的描述','<p>这是第96号商品的详细描述</p>',1,'2025-03-24 18:45:53','2025-04-22 18:45:53','https://picsum.photos/id/20/800/800',0,519),(735,13,'高端女装377',898.75,405.86,37,627,'https://picsum.photos/id/1006/800/800','https://picsum.photos/id/1002/800/800,https://picsum.photos/id/1001/800/800,https://picsum.photos/id/1002/800/800','这是第97号商品的描述','<p>这是第97号商品的详细描述</p>',1,'2025-04-05 18:45:53','2025-04-22 18:45:53','https://picsum.photos/id/21/800/800',0,101),(736,16,'新款电脑625',368.90,1144.69,18,144,'https://picsum.photos/id/10/800/800','https://picsum.photos/id/100/800/800,https://picsum.photos/id/1/800/800,https://picsum.photos/id/1002/800/800','这是第98号商品的描述','<p>这是第98号商品的详细描述</p>',1,'2025-04-01 18:45:53','2025-04-22 18:45:53','https://picsum.photos/id/23/800/800',0,943),(737,12,'热销童装811',723.07,216.85,87,350,'https://picsum.photos/id/10/800/800','https://picsum.photos/id/1001/800/800,https://picsum.photos/id/1004/800/800,https://picsum.photos/id/100/800/800','这是第99号商品的描述','<p>这是第99号商品的详细描述</p>',1,'2025-04-19 18:45:53','2025-04-22 18:45:53','https://picsum.photos/id/25/800/800',0,739),(738,10,'高端电脑611',427.43,316.37,72,274,'https://picsum.photos/id/100/800/800','https://picsum.photos/id/1002/800/800,https://picsum.photos/id/10/800/800,https://picsum.photos/id/1/800/800','这是第100号商品的描述','<p>这是第100号商品的详细描述</p>',1,'2025-03-26 18:45:53','2025-04-22 18:45:53','https://picsum.photos/id/22/800/800',0,297);
/*!40000 ALTER TABLE `goods` ENABLE KEYS */;
UNLOCK TABLES;

--
-- Table structure for table `order_goods`
--

DROP TABLE IF EXISTS `order_goods`;
/*!40101 SET @saved_cs_client     = @@character_set_client */;
/*!50503 SET character_set_client = utf8mb4 */;
CREATE TABLE `order_goods` (
  `id` int NOT NULL AUTO_INCREMENT COMMENT '订单商品ID',
  `order_id` int NOT NULL COMMENT '订单ID',
  `goods_id` int NOT NULL COMMENT '商品ID',
  `goods_name` varchar(100) NOT NULL COMMENT '商品名称',
  `goods_image` varchar(255) DEFAULT NULL COMMENT '商品图片',
  `price` decimal(10,2) NOT NULL COMMENT '商品价格',
  `quantity` int NOT NULL COMMENT '购买数量',
  `create_time` datetime DEFAULT NULL COMMENT '创建时间',
  PRIMARY KEY (`id`),
  KEY `idx_order` (`order_id`),
  KEY `idx_goods` (`goods_id`),
  KEY `order_goods_order_id` (`order_id`),
  KEY `order_goods_goods_id` (`goods_id`),
  CONSTRAINT `order_goods_ibfk_191` FOREIGN KEY (`order_id`) REFERENCES `orders` (`id`) ON DELETE CASCADE ON UPDATE CASCADE,
  CONSTRAINT `order_goods_ibfk_192` FOREIGN KEY (`goods_id`) REFERENCES `goods` (`id`) ON DELETE CASCADE ON UPDATE CASCADE
) ENGINE=InnoDB AUTO_INCREMENT=78 DEFAULT CHARSET=utf8mb4 COLLATE=utf8mb4_0900_ai_ci COMMENT='订单商品表';
/*!40101 SET character_set_client = @saved_cs_client */;

--
-- Dumping data for table `order_goods`
--

LOCK TABLES `order_goods` WRITE;
/*!40000 ALTER TABLE `order_goods` DISABLE KEYS */;
INSERT INTO `order_goods` VALUES (1,1,1,'11','http://localhost:8080/uploads/1744956816239-c1ed06d7-f5e0-4aa5-986b-5aa96c381d93.jpeg',0.20,3,'2025-04-01 23:07:58'),(2,2,1,'11','http://localhost:8080/uploads/1744956816239-c1ed06d7-f5e0-4aa5-986b-5aa96c381d93.jpeg',0.20,2,'2025-04-10 23:07:58'),(3,3,1,'11','http://localhost:8080/uploads/1744956816239-c1ed06d7-f5e0-4aa5-986b-5aa96c381d93.jpeg',0.20,1,'2025-03-27 23:07:58'),(4,4,1,'11','http://localhost:8080/uploads/1744956816239-c1ed06d7-f5e0-4aa5-986b-5aa96c381d93.jpeg',0.20,3,'2025-03-29 23:07:58'),(5,5,1,'11','http://localhost:8080/uploads/1744956816239-c1ed06d7-f5e0-4aa5-986b-5aa96c381d93.jpeg',0.20,2,'2025-04-20 23:07:58'),(6,6,1,'11','http://localhost:8080/uploads/1744956816239-c1ed06d7-f5e0-4aa5-986b-5aa96c381d93.jpeg',0.20,3,'2025-04-14 23:07:58'),(7,7,1,'11','http://localhost:8080/uploads/1744956816239-c1ed06d7-f5e0-4aa5-986b-5aa96c381d93.jpeg',0.20,3,'2025-04-14 23:07:58'),(8,8,1,'11','http://localhost:8080/uploads/1744956816239-c1ed06d7-f5e0-4aa5-986b-5aa96c381d93.jpeg',0.20,3,'2025-04-17 23:07:58'),(9,9,1,'11','http://localhost:8080/uploads/1744956816239-c1ed06d7-f5e0-4aa5-986b-5aa96c381d93.jpeg',0.20,2,'2025-04-21 23:07:58'),(10,10,1,'11','http://localhost:8080/uploads/1744956816239-c1ed06d7-f5e0-4aa5-986b-5aa96c381d93.jpeg',0.20,1,'2025-04-15 23:07:58'),(11,11,1,'11','http://localhost:8080/uploads/1744956816239-c1ed06d7-f5e0-4aa5-986b-5aa96c381d93.jpeg',0.20,2,'2025-04-10 23:07:58'),(12,12,1,'11','http://localhost:8080/uploads/1744956816239-c1ed06d7-f5e0-4aa5-986b-5aa96c381d93.jpeg',0.20,1,'2025-04-13 23:07:58'),(13,13,1,'11','http://localhost:8080/uploads/1744956816239-c1ed06d7-f5e0-4aa5-986b-5aa96c381d93.jpeg',0.20,2,'2025-04-20 23:07:58'),(14,14,1,'11','http://localhost:8080/uploads/1744956816239-c1ed06d7-f5e0-4aa5-986b-5aa96c381d93.jpeg',0.20,2,'2025-03-29 23:07:58'),(15,15,1,'11','http://localhost:8080/uploads/1744956816239-c1ed06d7-f5e0-4aa5-986b-5aa96c381d93.jpeg',0.20,3,'2025-03-28 23:07:58'),(16,16,1,'11','http://localhost:8080/uploads/1744956816239-c1ed06d7-f5e0-4aa5-986b-5aa96c381d93.jpeg',0.20,1,'2025-04-06 23:07:58'),(17,17,1,'11','http://localhost:8080/uploads/1744956816239-c1ed06d7-f5e0-4aa5-986b-5aa96c381d93.jpeg',0.20,2,'2025-04-09 23:07:58'),(18,18,1,'11','http://localhost:8080/uploads/1744956816239-c1ed06d7-f5e0-4aa5-986b-5aa96c381d93.jpeg',0.20,3,'2025-04-06 23:07:58'),(19,19,1,'11','http://localhost:8080/uploads/1744956816239-c1ed06d7-f5e0-4aa5-986b-5aa96c381d93.jpeg',0.20,1,'2025-04-19 23:07:58'),(20,20,1,'11','http://localhost:8080/uploads/1744956816239-c1ed06d7-f5e0-4aa5-986b-5aa96c381d93.jpeg',0.20,3,'2025-04-08 23:07:58'),(44,37,576,'热销手机104','https://picsum.photos/id/1/800/800',152.19,1,'2025-04-24 04:38:54'),(45,38,46,'高端手机763','http://localhost:8080/uploads/default-product.jpg',712.83,1,'2025-04-24 10:46:27'),(46,39,151,'高端手机285','https://img.alicdn.com/imgextra/i1/2200724907121/O1CN01h8mGXk24jcFHVHt5Y_!!2200724907121.jpg',109.85,2,'2025-04-24 10:50:57'),(47,40,224,'时尚手机270','https://img.alicdn.com/imgextra/i4/2200724907121/O1CN01kzmJMM24jcFEzp5Yv_!!2200724907121.jpg',207.15,1,'2025-04-24 10:52:07'),(48,41,224,'时尚手机270','https://img.alicdn.com/imgextra/i4/2200724907121/O1CN01kzmJMM24jcFEzp5Yv_!!2200724907121.jpg',207.15,1,'2025-04-24 10:57:06'),(49,42,151,'高端手机285','https://img.alicdn.com/imgextra/i1/2200724907121/O1CN01h8mGXk24jcFHVHt5Y_!!2200724907121.jpg',109.85,1,'2025-04-24 11:24:26'),(50,43,151,'高端手机285','https://img.alicdn.com/imgextra/i1/2200724907121/O1CN01h8mGXk24jcFHVHt5Y_!!2200724907121.jpg',109.85,1,'2025-04-24 11:29:57'),(51,44,224,'时尚手机270','https://img.alicdn.com/imgextra/i4/2200724907121/O1CN01kzmJMM24jcFEzp5Yv_!!2200724907121.jpg',207.15,1,'2025-04-24 12:01:54'),(52,45,576,'热销手机104','https://picsum.photos/id/1/800/800',152.19,4,'2025-04-24 12:02:28'),(53,46,576,'热销手机104','https://picsum.photos/id/1/800/800',152.19,1,'2025-04-24 12:19:45'),(54,47,151,'高端手机285','https://img.alicdn.com/imgextra/i1/2200724907121/O1CN01h8mGXk24jcFHVHt5Y_!!2200724907121.jpg',109.85,3,'2025-04-24 12:25:35'),(55,48,408,'热销男装435','https://picsum.photos/id/100/800/800',675.91,1,'2025-04-24 12:27:22'),(56,49,591,'高端女装555','https://picsum.photos/id/1/800/800',596.45,1,'2025-04-24 12:32:11'),(57,50,576,'热销手机104','https://picsum.photos/id/1/800/800',152.19,1,'2025-04-24 12:34:08'),(58,51,224,'时尚手机270','https://img.alicdn.com/imgextra/i4/2200724907121/O1CN01kzmJMM24jcFEzp5Yv_!!2200724907121.jpg',207.15,1,'2025-04-24 12:34:23'),(59,52,687,'新款男装955','https://picsum.photos/id/1/800/800',625.69,1,'2025-04-24 12:37:12'),(60,53,687,'新款男装955','https://picsum.photos/id/1/800/800',625.69,1,'2025-04-24 12:37:36'),(61,54,224,'时尚手机270','https://img.alicdn.com/imgextra/i4/2200724907121/O1CN01kzmJMM24jcFEzp5Yv_!!2200724907121.jpg',207.15,1,'2025-04-24 12:40:50'),(62,55,576,'热销手机104','https://picsum.photos/id/1/800/800',152.19,1,'2025-04-24 12:47:23'),(63,56,204,'热销手机782','https://img.alicdn.com/imgextra/i4/2200724907121/O1CN01kzmJMM24jcFEzp5Yv_!!2200724907121.jpg',972.30,1,'2025-04-24 14:23:44'),(64,57,46,'高端手机763','http://localhost:8080/uploads/default-product.jpg',712.83,1,'2025-04-24 14:25:55'),(65,58,224,'时尚手机270','https://img.alicdn.com/imgextra/i4/2200724907121/O1CN01kzmJMM24jcFEzp5Yv_!!2200724907121.jpg',207.15,1,'2025-04-24 14:36:16'),(66,59,518,'热销男装738','https://picsum.photos/id/10/800/800',548.74,1,'2025-04-24 15:16:10'),(67,60,518,'热销男装738','https://picsum.photos/id/10/800/800',548.74,1,'2025-04-24 15:17:05'),(68,61,151,'高端手机285','https://img.alicdn.com/imgextra/i1/2200724907121/O1CN01h8mGXk24jcFHVHt5Y_!!2200724907121.jpg',109.85,1,'2025-04-24 15:17:20'),(69,62,576,'热销手机104','https://picsum.photos/id/1/800/800',152.19,1,'2025-04-24 15:19:17'),(70,63,683,'热销男装813','https://picsum.photos/id/1006/800/800',675.77,6,'2025-04-24 15:19:46'),(71,64,151,'高端手机285','https://img.alicdn.com/imgextra/i1/2200724907121/O1CN01h8mGXk24jcFHVHt5Y_!!2200724907121.jpg',109.85,1,'2025-04-24 16:45:33'),(72,65,151,'高端手机285','https://img.alicdn.com/imgextra/i1/2200724907121/O1CN01h8mGXk24jcFHVHt5Y_!!2200724907121.jpg',109.85,1,'2025-04-24 16:45:58'),(73,66,151,'高端手机285','https://img.alicdn.com/imgextra/i1/2200724907121/O1CN01h8mGXk24jcFHVHt5Y_!!2200724907121.jpg',109.85,1,'2025-04-24 16:46:23'),(74,67,151,'高端手机285','https://img.alicdn.com/imgextra/i1/2200724907121/O1CN01h8mGXk24jcFHVHt5Y_!!2200724907121.jpg',109.85,1,'2025-04-24 16:52:19'),(75,68,151,'高端手机285','https://img.alicdn.com/imgextra/i1/2200724907121/O1CN01h8mGXk24jcFHVHt5Y_!!2200724907121.jpg',109.85,1,'2025-04-24 16:56:22'),(76,69,576,'热销手机104','https://picsum.photos/id/1/800/800',152.19,1,'2025-04-24 17:18:17'),(77,70,581,'时尚手机154','https://picsum.photos/id/1006/800/800',760.55,1,'2025-04-24 17:18:48');
/*!40000 ALTER TABLE `order_goods` ENABLE KEYS */;
UNLOCK TABLES;

--
-- Table structure for table `orders`
--

DROP TABLE IF EXISTS `orders`;
/*!40101 SET @saved_cs_client     = @@character_set_client */;
/*!50503 SET character_set_client = utf8mb4 */;
CREATE TABLE `orders` (
  `id` int NOT NULL AUTO_INCREMENT COMMENT '订单ID',
  `order_no` varchar(50) NOT NULL COMMENT '订单编号',
  `user_id` int NOT NULL COMMENT '用户ID',
  `client_order_id` varchar(100) DEFAULT NULL COMMENT '客户端订单ID，用于幂等性处理',
  `total_amount` decimal(10,2) NOT NULL COMMENT '订单总金额',
  `pay_amount` decimal(10,2) NOT NULL COMMENT '实付金额',
  `freight_amount` decimal(10,2) DEFAULT '0.00' COMMENT '运费',
  `pay_type` tinyint DEFAULT NULL COMMENT '支付方式：1微信支付',
  `status` tinyint DEFAULT '0' COMMENT '订单状态：0待付款，1待发货，2待收货，3已完成，4已取消',
  `address_id` int NOT NULL COMMENT '收货地址ID',
  `remark` varchar(255) DEFAULT NULL COMMENT '订单备注',
  `pay_time` datetime DEFAULT NULL COMMENT '支付时间',
  `delivery_time` datetime DEFAULT NULL COMMENT '发货时间',
  `receive_time` datetime DEFAULT NULL COMMENT '收货时间',
  `create_time` datetime DEFAULT NULL COMMENT '创建时间',
  `update_time` datetime DEFAULT NULL COMMENT '更新时间',
  `delivery_company` varchar(50) DEFAULT NULL COMMENT '物流公司',
  `delivery_number` varchar(50) DEFAULT NULL COMMENT '物流单号',
  PRIMARY KEY (`id`),
  UNIQUE KEY `idx_order_no` (`order_no`),
  UNIQUE KEY `order_no` (`order_no`),
  UNIQUE KEY `orders_order_no` (`order_no`),
  UNIQUE KEY `order_no_2` (`order_no`),
  UNIQUE KEY `order_no_3` (`order_no`),
  UNIQUE KEY `order_no_4` (`order_no`),
  UNIQUE KEY `order_no_5` (`order_no`),
  UNIQUE KEY `order_no_6` (`order_no`),
  UNIQUE KEY `order_no_7` (`order_no`),
  UNIQUE KEY `order_no_8` (`order_no`),
  UNIQUE KEY `order_no_9` (`order_no`),
  UNIQUE KEY `order_no_10` (`order_no`),
  UNIQUE KEY `order_no_11` (`order_no`),
  UNIQUE KEY `order_no_12` (`order_no`),
  UNIQUE KEY `order_no_13` (`order_no`),
  UNIQUE KEY `order_no_14` (`order_no`),
  UNIQUE KEY `order_no_15` (`order_no`),
  UNIQUE KEY `order_no_16` (`order_no`),
  UNIQUE KEY `order_no_17` (`order_no`),
  UNIQUE KEY `order_no_18` (`order_no`),
  UNIQUE KEY `order_no_19` (`order_no`),
  UNIQUE KEY `order_no_20` (`order_no`),
  UNIQUE KEY `order_no_21` (`order_no`),
  UNIQUE KEY `order_no_22` (`order_no`),
  UNIQUE KEY `order_no_23` (`order_no`),
  UNIQUE KEY `order_no_24` (`order_no`),
  UNIQUE KEY `order_no_25` (`order_no`),
  UNIQUE KEY `order_no_26` (`order_no`),
  UNIQUE KEY `order_no_27` (`order_no`),
  UNIQUE KEY `order_no_28` (`order_no`),
  UNIQUE KEY `order_no_29` (`order_no`),
  UNIQUE KEY `order_no_30` (`order_no`),
  UNIQUE KEY `order_no_31` (`order_no`),
  UNIQUE KEY `order_no_32` (`order_no`),
  UNIQUE KEY `order_no_33` (`order_no`),
  UNIQUE KEY `order_no_34` (`order_no`),
  UNIQUE KEY `order_no_35` (`order_no`),
  UNIQUE KEY `order_no_36` (`order_no`),
  UNIQUE KEY `order_no_37` (`order_no`),
  UNIQUE KEY `order_no_38` (`order_no`),
  UNIQUE KEY `order_no_39` (`order_no`),
  UNIQUE KEY `order_no_40` (`order_no`),
  UNIQUE KEY `order_no_41` (`order_no`),
  UNIQUE KEY `order_no_42` (`order_no`),
  UNIQUE KEY `order_no_43` (`order_no`),
  UNIQUE KEY `order_no_44` (`order_no`),
  UNIQUE KEY `orders_user_id_client_order_id` (`user_id`,`client_order_id`),
  KEY `idx_user` (`user_id`),
  KEY `idx_status` (`status`),
  KEY `orders_user_id` (`user_id`),
  KEY `orders_status` (`status`),
  CONSTRAINT `orders_ibfk_1` FOREIGN KEY (`user_id`) REFERENCES `users` (`id`) ON DELETE CASCADE ON UPDATE CASCADE
) ENGINE=InnoDB AUTO_INCREMENT=71 DEFAULT CHARSET=utf8mb4 COLLATE=utf8mb4_0900_ai_ci COMMENT='订单表';
/*!40101 SET character_set_client = @saved_cs_client */;

--
-- Dumping data for table `orders`
--

LOCK TABLES `orders` WRITE;
/*!40000 ALTER TABLE `orders` DISABLE KEYS */;
INSERT INTO `orders` VALUES (1,'2025042178928872',4,NULL,0.20,7.03,6.83,1,3,1,NULL,'2025-04-01 23:07:58','2025-04-02 09:07:58','2025-04-05 09:07:58','2025-04-01 23:07:58','2025-04-05 09:07:58','顺丰速运','SF4474949208'),(2,'2025042192338872',1,NULL,0.20,2.84,2.64,1,1,1,'请尽快发货，谢谢！','2025-04-11 00:07:58',NULL,NULL,'2025-04-10 23:07:58','2025-04-11 00:07:58',NULL,NULL),(3,'2025042103258872',1,NULL,0.60,1.72,1.12,1,4,1,NULL,NULL,NULL,NULL,'2025-03-27 23:07:58','2025-03-27 23:07:58',NULL,NULL),(4,'2025042187668872',1,NULL,0.40,7.67,7.27,1,2,1,NULL,'2025-03-29 23:07:58','2025-03-30 01:07:58',NULL,'2025-03-29 23:07:58','2025-03-30 01:07:58','申通快递','SF6505164875'),(5,'2025042136328872',4,NULL,0.40,7.62,7.22,1,3,1,NULL,'2025-04-21 00:07:58','2025-04-21 01:07:58','2025-04-23 01:07:58','2025-04-20 23:07:58','2025-04-23 01:07:58','中通快递','SF1659268234'),(6,'2025042166228872',1,NULL,0.60,7.02,6.42,1,3,1,NULL,'2025-04-15 00:07:58','2025-04-15 12:07:58','2025-04-18 12:07:58','2025-04-14 23:07:58','2025-04-18 12:07:58','申通快递','SF1379788503'),(7,'2025042110698872',4,NULL,0.20,4.23,4.03,1,4,1,'请尽快发货，谢谢！',NULL,NULL,NULL,'2025-04-14 23:07:58','2025-04-14 23:07:58',NULL,NULL),(8,'2025042103908872',4,NULL,0.20,3.95,3.75,1,2,1,NULL,'2025-04-17 23:07:58','2025-04-18 14:07:58',NULL,'2025-04-17 23:07:58','2025-04-18 14:07:58','中通快递','SF8815053932'),(9,'2025042124738872',4,NULL,0.40,3.65,3.25,1,3,1,NULL,'2025-04-21 23:07:58','2025-04-22 20:07:58','2025-04-23 20:07:58','2025-04-21 23:07:58','2025-04-23 20:07:58','韵达快递','SF8357087651'),(10,'2025042117968872',4,NULL,0.40,3.33,2.93,1,2,1,NULL,'2025-04-15 23:07:58','2025-04-21 23:33:37',NULL,'2025-04-15 23:07:58','2025-04-15 23:07:58','顺丰速运','2323232323'),(11,'2025042135708872',1,NULL,0.20,6.91,6.71,1,3,1,NULL,'2025-04-10 23:07:58','2025-04-11 04:07:58','2025-04-12 04:07:58','2025-04-10 23:07:58','2025-04-12 04:07:58','申通快递','SF5173163949'),(12,'2025042110878872',1,NULL,0.40,8.40,8.00,1,3,1,NULL,'2025-04-13 23:07:58','2025-04-14 19:07:58','2025-04-17 19:07:58','2025-04-13 23:07:58','2025-04-17 19:07:58','申通快递','SF4161150696'),(13,'2025042136418872',1,NULL,0.20,8.80,8.60,1,2,1,NULL,'2025-04-20 23:07:58','2025-04-21 23:33:15',NULL,'2025-04-20 23:07:58','2025-04-20 23:07:58','顺丰速运','232323'),(14,'2025042132128872',5,NULL,0.60,5.12,4.52,1,2,1,'请尽快发货，谢谢！','2025-03-30 00:07:58','2025-03-30 08:07:58',NULL,'2025-03-29 23:07:58','2025-03-30 08:07:58','顺丰速运','SF2982620875'),(15,'2025042166658872',4,NULL,0.40,5.79,5.39,1,4,1,NULL,NULL,NULL,NULL,'2025-03-28 23:07:58','2025-03-28 23:07:58',NULL,NULL),(16,'2025042137518872',1,NULL,0.20,1.61,1.41,1,3,1,NULL,'2025-04-07 00:07:58','2025-04-07 06:07:58','2025-04-08 06:07:58','2025-04-06 23:07:58','2025-04-08 06:07:58','韵达快递','SF3517266236'),(17,'2025042175578872',4,NULL,0.60,4.91,4.31,1,3,1,NULL,'2025-04-10 00:07:58','2025-04-10 01:07:58','2025-04-11 01:07:58','2025-04-09 23:07:58','2025-04-11 01:07:58','圆通快递','SF8525509619'),(18,'2025042187168872',1,NULL,0.40,3.21,2.81,1,2,1,NULL,'2025-04-06 23:07:58','2025-04-07 08:07:58',NULL,'2025-04-06 23:07:58','2025-04-07 08:07:58','顺丰速运','SF6340731205'),(19,'2025042180358872',5,NULL,0.60,1.70,1.10,1,2,1,NULL,'2025-04-20 00:07:58','2025-04-20 17:07:58',NULL,'2025-04-19 23:07:58','2025-04-20 17:07:58','中通快递','SF1635074563'),(20,'2025042169718872',4,NULL,0.20,0.63,0.43,1,4,1,'请尽快发货，谢谢！',NULL,NULL,NULL,'2025-04-08 23:07:58','2025-04-08 23:07:58',NULL,NULL),(37,'202504240438549024',7,NULL,152.19,162.19,10.00,1,0,2,NULL,NULL,NULL,NULL,'2025-04-24 04:38:54','2025-04-24 04:38:54',NULL,NULL),(38,'202504241046270367',7,NULL,712.83,722.83,10.00,1,0,2,NULL,NULL,NULL,NULL,'2025-04-24 10:46:27','2025-04-24 10:46:27',NULL,NULL),(39,'202504241050575285',7,NULL,219.70,229.70,10.00,1,0,2,NULL,NULL,NULL,NULL,'2025-04-24 10:50:57','2025-04-24 10:50:57',NULL,NULL),(40,'202504241052075762',7,NULL,207.15,217.15,10.00,1,0,2,NULL,NULL,NULL,NULL,'2025-04-24 10:52:07','2025-04-24 10:52:07',NULL,NULL),(41,'202504241057065269',7,NULL,207.15,217.15,10.00,1,0,2,NULL,NULL,NULL,NULL,'2025-04-24 10:57:06','2025-04-24 10:57:06',NULL,NULL),(42,'202504241124268605',7,NULL,109.85,119.85,10.00,1,0,2,NULL,NULL,NULL,NULL,'2025-04-24 11:24:26','2025-04-24 11:24:26',NULL,NULL),(43,'202504241129570037',7,NULL,109.85,119.85,10.00,1,0,2,NULL,NULL,NULL,NULL,'2025-04-24 11:29:57','2025-04-24 11:29:57',NULL,NULL),(44,'202504241201547662',7,NULL,207.15,217.15,10.00,1,1,2,NULL,'2025-04-24 12:01:59',NULL,NULL,'2025-04-24 12:01:54','2025-04-24 12:01:59',NULL,NULL),(45,'202504241202283827',7,NULL,608.76,618.76,10.00,1,1,2,NULL,'2025-04-24 12:02:33',NULL,NULL,'2025-04-24 12:02:28','2025-04-24 12:02:33',NULL,NULL),(46,'202504241219456697',7,'_1745468385710_599',152.19,162.19,10.00,1,0,2,NULL,NULL,NULL,NULL,'2025-04-24 12:19:45','2025-04-24 12:19:45',NULL,NULL),(47,'202504241225356579',7,'_1745468734985_641',329.55,339.55,10.00,1,0,2,NULL,NULL,NULL,NULL,'2025-04-24 12:25:35','2025-04-24 12:25:35',NULL,NULL),(48,'202504241227229211',7,'_1745468842256_903',675.91,685.91,10.00,1,1,2,NULL,'2025-04-24 12:27:37',NULL,NULL,'2025-04-24 12:27:22','2025-04-24 12:27:37',NULL,NULL),(49,'202504241232116334',7,'_1745469131682_60',596.45,606.45,10.00,1,0,2,NULL,NULL,NULL,NULL,'2025-04-24 12:32:11','2025-04-24 12:32:11',NULL,NULL),(50,'202504241234089135',7,'_1745469248056_350',152.19,162.19,10.00,1,0,2,NULL,NULL,NULL,NULL,'2025-04-24 12:34:08','2025-04-24 12:34:08',NULL,NULL),(51,'202504241234232148',7,'_1745469263904_445',207.15,217.15,10.00,1,0,2,NULL,NULL,NULL,NULL,'2025-04-24 12:34:23','2025-04-24 12:34:23',NULL,NULL),(52,'202504241237125021',7,'_1745469432233_173',625.69,635.69,10.00,1,1,2,NULL,'2025-04-24 12:37:26',NULL,NULL,'2025-04-24 12:37:12','2025-04-24 12:37:26',NULL,NULL),(53,'202504241237369472',7,'_1745469456119_377',625.69,635.69,10.00,1,1,2,NULL,'2025-04-24 12:37:43',NULL,NULL,'2025-04-24 12:37:36','2025-04-24 12:37:43',NULL,NULL),(54,'202504241240509528',7,'_1745469650571_364',207.15,217.15,10.00,1,1,2,NULL,'2025-04-24 12:41:02',NULL,NULL,'2025-04-24 12:40:50','2025-04-24 12:41:02',NULL,NULL),(55,'202504241247239978',7,'_1745470043015_847',152.19,162.19,10.00,1,1,2,NULL,'2025-04-24 12:47:31',NULL,NULL,'2025-04-24 12:47:23','2025-04-24 12:47:31',NULL,NULL),(56,'202504241423449849',6,'_1745475824034_250',972.30,982.30,10.00,1,1,6,NULL,'2025-04-24 14:23:49',NULL,NULL,'2025-04-24 14:23:44','2025-04-24 14:23:49',NULL,NULL),(57,'202504241425552912',7,'_1745475955871_677',712.83,722.83,10.00,1,1,2,NULL,'2025-04-24 14:26:00',NULL,NULL,'2025-04-24 14:25:55','2025-04-24 14:26:00',NULL,NULL),(58,'202504241436165912',6,'_1745476576842_222',207.15,217.15,10.00,1,1,6,NULL,'2025-04-24 14:36:18',NULL,NULL,'2025-04-24 14:36:16','2025-04-24 14:36:18',NULL,NULL),(59,'202504241516097155',6,'_1745478969979_63',548.74,558.74,10.00,1,0,6,NULL,NULL,NULL,NULL,'2025-04-24 15:16:09','2025-04-24 15:16:09',NULL,NULL),(60,'202504241517050565',6,'_1745479025249_777',548.74,558.74,10.00,1,0,6,NULL,NULL,NULL,NULL,'2025-04-24 15:17:05','2025-04-24 15:17:05',NULL,NULL),(61,'202504241517200528',7,'_1745479040438_565',109.85,119.85,10.00,1,0,2,NULL,NULL,NULL,NULL,'2025-04-24 15:17:20','2025-04-24 15:17:20',NULL,NULL),(62,'202504241519179368',7,'_1745479157180_26',152.19,162.19,10.00,1,1,2,NULL,'2025-04-24 15:19:24',NULL,NULL,'2025-04-24 15:19:17','2025-04-24 15:19:24',NULL,NULL),(63,'202504241519463728',6,'_1745479185944_763',4054.62,4064.62,10.00,1,1,6,NULL,'2025-04-24 15:19:51',NULL,NULL,'2025-04-24 15:19:46','2025-04-24 15:19:51',NULL,NULL),(64,'202504241645333897',7,'_1745484333596_222',109.85,119.85,10.00,1,1,2,NULL,'2025-04-24 16:45:36',NULL,NULL,'2025-04-24 16:45:33','2025-04-24 16:45:36',NULL,NULL),(65,'202504241645589535',7,'_1745484358577_384',109.85,119.85,10.00,1,0,2,NULL,NULL,NULL,NULL,'2025-04-24 16:45:58','2025-04-24 16:45:58',NULL,NULL),(66,'202504241646231809',7,'_1745484383756_501',109.85,119.85,10.00,1,2,2,NULL,'2025-04-24 16:46:32','2025-04-24 16:47:07',NULL,'2025-04-24 16:46:23','2025-04-24 16:46:32','顺丰速运','2323'),(67,'202504241652195890',7,'_1745484739205_426',109.85,119.85,10.00,1,1,2,NULL,'2025-04-24 16:52:22',NULL,NULL,'2025-04-24 16:52:19','2025-04-24 16:52:22',NULL,NULL),(68,'202504241656224057',7,'_1745484982225_295',109.85,119.85,10.00,1,1,2,NULL,'2025-04-24 16:56:25',NULL,NULL,'2025-04-24 16:56:22','2025-04-24 16:56:25',NULL,NULL),(69,'202504241718172203',6,'_1745486297687_422',152.19,162.19,10.00,1,2,6,NULL,'2025-04-24 17:18:20','2025-04-24 21:09:18',NULL,'2025-04-24 17:18:17','2025-04-24 17:18:20','顺丰速运','we3'),(70,'202504241718480936',6,'_1745486328594_376',760.55,770.55,10.00,1,1,6,NULL,'2025-04-24 17:18:51',NULL,NULL,'2025-04-24 17:18:48','2025-04-24 17:18:51',NULL,NULL);
/*!40000 ALTER TABLE `orders` ENABLE KEYS */;
UNLOCK TABLES;

--
-- Table structure for table `search_history`
--

DROP TABLE IF EXISTS `search_history`;
/*!40101 SET @saved_cs_client     = @@character_set_client */;
/*!50503 SET character_set_client = utf8mb4 */;
CREATE TABLE `search_history` (
  `id` int NOT NULL AUTO_INCREMENT COMMENT '主键ID',
  `user_id` int DEFAULT NULL COMMENT '用户ID，未登录时为null',
  `openid` varchar(100) COLLATE utf8mb4_unicode_ci DEFAULT NULL COMMENT '微信用户openid，标识匿名用户',
  `keyword` varchar(50) COLLATE utf8mb4_unicode_ci NOT NULL COMMENT '搜索关键词',
  `created_at` datetime DEFAULT NULL COMMENT '创建时间',
  `updated_at` datetime DEFAULT NULL COMMENT '更新时间',
  PRIMARY KEY (`id`),
  KEY `idx_user_id` (`user_id`),
  CONSTRAINT `search_history_ibfk_1` FOREIGN KEY (`user_id`) REFERENCES `users` (`id`) ON DELETE SET NULL ON UPDATE CASCADE
) ENGINE=InnoDB DEFAULT CHARSET=utf8mb4 COLLATE=utf8mb4_unicode_ci;
/*!40101 SET character_set_client = @saved_cs_client */;

--
-- Dumping data for table `search_history`
--

LOCK TABLES `search_history` WRITE;
/*!40000 ALTER TABLE `search_history` DISABLE KEYS */;
/*!40000 ALTER TABLE `search_history` ENABLE KEYS */;
UNLOCK TABLES;

--
-- Table structure for table `search_hot`
--

DROP TABLE IF EXISTS `search_hot`;
/*!40101 SET @saved_cs_client     = @@character_set_client */;
/*!50503 SET character_set_client = utf8mb4 */;
CREATE TABLE `search_hot` (
  `id` int NOT NULL AUTO_INCREMENT COMMENT '主键ID',
  `keyword` varchar(50) COLLATE utf8mb4_unicode_ci NOT NULL COMMENT '搜索关键词',
  `search_count` int NOT NULL DEFAULT '0' COMMENT '搜索次数',
  `sort` int NOT NULL DEFAULT '0' COMMENT '排序值，值越大越靠前',
  `status` tinyint NOT NULL DEFAULT '1' COMMENT '状态：0禁用，1启用',
  `created_at` datetime DEFAULT NULL COMMENT '创建时间',
  `updated_at` datetime DEFAULT NULL COMMENT '更新时间',
  PRIMARY KEY (`id`)
) ENGINE=InnoDB AUTO_INCREMENT=15 DEFAULT CHARSET=utf8mb4 COLLATE=utf8mb4_unicode_ci;
/*!40101 SET character_set_client = @saved_cs_client */;

--
-- Dumping data for table `search_hot`
--

LOCK TABLES `search_hot` WRITE;
/*!40000 ALTER TABLE `search_hot` DISABLE KEYS */;
INSERT INTO `search_hot` VALUES (1,'连衣裙',2009,100,1,'2025-04-22 19:45:46','2025-04-23 23:01:02'),(2,'T恤',1803,90,1,'2025-04-22 19:45:46','2025-04-23 22:57:51'),(3,'牛仔裤',1502,80,1,'2025-04-22 19:45:46','2025-04-23 22:32:16'),(4,'运动鞋',1300,70,1,'2025-04-22 19:45:46','2025-04-22 19:45:46'),(5,'手机',1200,60,1,'2025-04-22 19:45:46','2025-04-22 19:45:46'),(6,'电脑',1004,50,1,'2025-04-22 19:45:46','2025-04-22 21:47:22'),(7,'耳机',900,40,1,'2025-04-22 19:45:46','2025-04-22 19:45:46'),(8,'冰箱',800,30,1,'2025-04-22 19:45:46','2025-04-22 19:45:46'),(9,'洗衣机',700,20,1,'2025-04-22 19:45:46','2025-04-22 19:45:46'),(10,'空调',600,10,1,'2025-04-22 19:45:46','2025-04-22 19:45:46'),(11,'女装',4,0,1,'2025-04-22 19:58:48','2025-04-23 23:03:00'),(12,'精品女装',3,0,1,'2025-04-22 20:05:16','2025-04-22 20:05:24'),(13,'男装',1,0,1,'2025-04-22 20:05:29','2025-04-22 20:05:29'),(14,'高端女装468',2,0,1,'2025-04-23 10:35:01','2025-04-23 10:35:01');
/*!40000 ALTER TABLE `search_hot` ENABLE KEYS */;
UNLOCK TABLES;

--
-- Table structure for table `users`
--

DROP TABLE IF EXISTS `users`;
/*!40101 SET @saved_cs_client     = @@character_set_client */;
/*!50503 SET character_set_client = utf8mb4 */;
CREATE TABLE `users` (
  `id` int NOT NULL AUTO_INCREMENT COMMENT '用户ID',
  `openid` varchar(50) DEFAULT NULL,
  `nickname` varchar(50) DEFAULT NULL,
  `avatar` varchar(255) DEFAULT NULL,
  `phone` varchar(20) DEFAULT NULL,
  `gender` tinyint DEFAULT '0',
  `status` tinyint NOT NULL DEFAULT '1',
  `create_time` datetime DEFAULT NULL,
  `update_time` datetime DEFAULT NULL,
  PRIMARY KEY (`id`),
  UNIQUE KEY `openid` (`openid`),
  UNIQUE KEY `openid_2` (`openid`),
  UNIQUE KEY `openid_3` (`openid`),
  UNIQUE KEY `openid_4` (`openid`),
  UNIQUE KEY `openid_5` (`openid`),
  UNIQUE KEY `openid_6` (`openid`),
  UNIQUE KEY `openid_7` (`openid`),
  UNIQUE KEY `openid_8` (`openid`),
  UNIQUE KEY `openid_9` (`openid`),
  UNIQUE KEY `openid_10` (`openid`),
  UNIQUE KEY `openid_11` (`openid`),
  UNIQUE KEY `openid_12` (`openid`),
  UNIQUE KEY `openid_13` (`openid`),
  UNIQUE KEY `openid_14` (`openid`),
  UNIQUE KEY `openid_15` (`openid`),
  UNIQUE KEY `openid_16` (`openid`),
  UNIQUE KEY `openid_17` (`openid`),
  UNIQUE KEY `openid_18` (`openid`),
  UNIQUE KEY `openid_19` (`openid`),
  UNIQUE KEY `openid_20` (`openid`),
  UNIQUE KEY `openid_21` (`openid`),
  UNIQUE KEY `openid_22` (`openid`),
  UNIQUE KEY `openid_23` (`openid`),
  UNIQUE KEY `openid_24` (`openid`),
  UNIQUE KEY `openid_25` (`openid`),
  UNIQUE KEY `openid_26` (`openid`),
  UNIQUE KEY `openid_27` (`openid`),
  UNIQUE KEY `openid_28` (`openid`),
  UNIQUE KEY `openid_29` (`openid`),
  UNIQUE KEY `openid_30` (`openid`),
  UNIQUE KEY `openid_31` (`openid`),
  UNIQUE KEY `openid_32` (`openid`),
  UNIQUE KEY `openid_33` (`openid`),
  UNIQUE KEY `openid_34` (`openid`),
  UNIQUE KEY `openid_35` (`openid`),
  UNIQUE KEY `openid_36` (`openid`),
  UNIQUE KEY `openid_37` (`openid`),
  UNIQUE KEY `openid_38` (`openid`),
  UNIQUE KEY `openid_39` (`openid`),
  UNIQUE KEY `openid_40` (`openid`),
  UNIQUE KEY `openid_41` (`openid`),
  UNIQUE KEY `openid_42` (`openid`),
  UNIQUE KEY `openid_43` (`openid`),
  UNIQUE KEY `openid_44` (`openid`),
  UNIQUE KEY `openid_45` (`openid`),
  UNIQUE KEY `openid_46` (`openid`),
  UNIQUE KEY `openid_47` (`openid`),
  UNIQUE KEY `openid_48` (`openid`),
  UNIQUE KEY `openid_49` (`openid`),
  UNIQUE KEY `openid_50` (`openid`),
  UNIQUE KEY `openid_51` (`openid`),
  UNIQUE KEY `openid_52` (`openid`),
  UNIQUE KEY `openid_53` (`openid`),
  UNIQUE KEY `openid_54` (`openid`),
  UNIQUE KEY `openid_55` (`openid`),
  UNIQUE KEY `openid_56` (`openid`),
  UNIQUE KEY `openid_57` (`openid`),
  UNIQUE KEY `openid_58` (`openid`),
  UNIQUE KEY `openid_59` (`openid`),
  UNIQUE KEY `openid_60` (`openid`),
  UNIQUE KEY `openid_61` (`openid`),
  UNIQUE KEY `openid_62` (`openid`),
  KEY `idx_phone` (`phone`)
) ENGINE=InnoDB AUTO_INCREMENT=8 DEFAULT CHARSET=utf8mb4 COLLATE=utf8mb4_0900_ai_ci COMMENT='用户表';
/*!40101 SET character_set_client = @saved_cs_client */;

--
-- Dumping data for table `users`
--

LOCK TABLES `users` WRITE;
/*!40000 ALTER TABLE `users` DISABLE KEYS */;
INSERT INTO `users` VALUES (1,'wx_openid_12345','张三','/uploads/avatars/avatar1.jpg','13812345678',1,1,'2025-04-21 20:09:46','2025-04-21 20:09:46'),(2,'wx_openid_23456','李四','/uploads/avatars/avatar2.jpg','13987654321',1,0,'2025-04-21 20:09:46','2025-04-21 20:28:23'),(3,'wx_openid_34567','王五','/uploads/avatars/avatar3.jpg','13500123456',1,0,'2025-04-21 20:09:46','2025-04-21 20:09:46'),(4,'wx_openid_45678','赵六','/uploads/avatars/avatar4.jpg','13611112222',1,1,'2025-04-21 20:09:46','2025-04-21 20:09:46'),(5,'wx_openid_56789','小红','/uploads/avatars/avatar5.jpg','13922223333',2,0,'2025-04-21 20:09:46','2025-04-22 20:14:40'),(6,'og9wP5XGw48BCZlDGHCv4xlcpxPU','微信用户','',NULL,0,1,'2025-04-23 02:48:32','2025-04-23 02:48:32'),(7,'mock_1745348936397_h2ynkj6c','138****8000',NULL,'13800138000',0,1,'2025-04-23 03:08:56','2025-04-23 03:08:56');
/*!40000 ALTER TABLE `users` ENABLE KEYS */;
UNLOCK TABLES;
/*!40103 SET TIME_ZONE=@OLD_TIME_ZONE */;

/*!40101 SET SQL_MODE=@OLD_SQL_MODE */;
/*!40014 SET FOREIGN_KEY_CHECKS=@OLD_FOREIGN_KEY_CHECKS */;
/*!40014 SET UNIQUE_CHECKS=@OLD_UNIQUE_CHECKS */;
/*!40101 SET CHARACTER_SET_CLIENT=@OLD_CHARACTER_SET_CLIENT */;
/*!40101 SET CHARACTER_SET_RESULTS=@OLD_CHARACTER_SET_RESULTS */;
/*!40101 SET COLLATION_CONNECTION=@OLD_COLLATION_CONNECTION */;
/*!40111 SET SQL_NOTES=@OLD_SQL_NOTES */;

-- Dump completed on 2025-04-24 22:59:30
