{
  "id": "4896415",
  "name": "mall",
  "font_family": "iconfont",
  "css_prefix_text": "icon-",
  "description": "",
  "glyphs": [
    {
      "icon_id": "1306",
      "name": "购物车空",
      "font_class": "gouwuchekong",
      "unicode": "e600",
      "unicode_decimal": 58880
    },
    {
      "icon_id": "68235",
      "name": "分类",
      "font_class": "fenlei",
      "unicode": "e601",
      "unicode_decimal": 58881
    },
    {
      "icon_id": "887966",
      "name": "我的",
      "font_class": "wode",
      "unicode": "e630",
      "unicode_decimal": 58928
    },
    {
      "icon_id": "4942663",
      "name": "搜索",
      "font_class": "sousuo",
      "unicode": "e61f",
      "unicode_decimal": 58911
    },
    {
      "icon_id": "43809983",
      "name": "首页",
      "font_class": "shouye",
      "unicode": "e6de",
      "unicode_decimal": 59102
    }
  ]
}
